soil,B,Mg,P,S,K,Ca,Mn,Fe,Cu,Zn
coloma,3.7725072,377.75104,953.58484,28.054808,426.13007,610.6658,354.92206,7374.422,30.840588,20.080667
coloma,3.8892033,391.2518,965.1224,28.283047,429.12967,641.3642,354.4711,7407.3447,30.361511,20.458738
coloma,3.2470677,342.77032,948.38715,24.38695,368.4523,552.61444,348.2336,7451.388,31.125292,19.42145
coloma,3.574712,367.83148,957.17096,26.39477,400.0251,597.3738,351.68967,7429.159,30.756422,19.958767
coloma,3.9672875,394.5015,958.22644,29.007568,439.27496,640.7661,355.5951,7360.2866,30.47629,20.448904
coloma,4.4140425,421.90073,964.0504,31.821655,483.793,690.5703,359.42184,7312.5195,30.157461,20.984749
coloma,3.994044,394.3815,957.5007,29.31287,444.9781,640.10046,356.22174,7351.8867,30.56978,20.422213
coloma,3.7855923,383.90912,959.86536,27.59775,416.47162,628.50885,352.55875,7397.2954,30.441933,20.300074
coloma,3.8039947,380.07642,952.85693,28.134613,425.4511,616.4809,354.38428,7362.7104,30.737522,20.140709
coloma,3.760331,380.39493,946.72284,27.263002,406.05295,617.0511,349.87512,7342.7656,30.503616,20.141724
coloma,4.4113755,420.01407,957.6084,32.1046,487.6204,681.20734,359.99823,7279.438,30.367098,20.861668
coloma,4.0213456,395.54602,958.41034,29.492407,447.92822,643.3428,356.60806,7351.323,30.55039,20.450193
coloma,3.8915596,387.17285,957.66974,28.67718,435.67712,628.3993,355.6859,7371.586,30.656797,20.28251
coloma,4.396004,423.01065,968.09247,31.53398,479.79507,694.9735,358.86868,7335.1826,30.043856,21.040148
coloma,4.058512,397.89325,960.0951,29.68895,451.23172,649.006,356.8264,7353.0444,30.491924,20.516193
coloma,3.751456,377.3889,955.79877,27.802963,422.3809,611.5446,354.31927,7387.8545,30.78713,20.089838
coloma,3.8983371,387.31082,953.6274,28.838339,437.444,624.68036,355.8636,7349.9727,30.73826,20.236256
coloma,4.220451,408.34647,961.03375,30.786858,468.80066,665.1237,358.51364,7328.5483,30.425339,20.686375
coloma,4.1974683,407.46646,962.5551,30.589306,466.04672,664.17523,358.4695,7342.4683,30.404203,20.686481
coloma,4.1625066,404.8871,958.3435,30.405174,461.5267,657.89636,357.87772,7327.279,30.457964,20.617493
coloma,3.8982744,386.38702,954.2412,28.831053,437.6639,625.4297,355.76172,7352.322,30.739466,20.24031
coloma,4.1541305,404.8167,961.7945,30.26843,460.41385,660.20557,357.88382,7346.9785,30.404902,20.651031
coloma,3.65674,372.86115,957.78186,26.923512,407.3657,608.13605,352.3683,7414.243,30.658037,20.074526
coloma,3.7157292,376.289,959.09546,27.280712,413.22086,615.44867,352.7582,7410.124,30.615822,20.156136
coloma,3.4335966,356.7554,955.3233,25.522097,386.47385,579.4296,350.4913,7449.21,30.885252,19.749916
coloma,3.6722925,378.24078,955.38934,26.747967,399.48297,620.54126,350.33322,7389.6035,30.38002,20.185673
coloma,3.3688061,352.21793,948.5096,24.951265,374.1428,574.6101,347.75815,7420.614,30.848284,19.671993
coloma,3.0503814,328.0937,941.3786,23.007978,345.03378,528.4078,345.07672,7457.5845,31.24138,19.134333
coloma,4.200477,407.75183,955.90344,30.739645,466.3039,658.9325,358.3519,7308.7793,30.491732,20.631475
coloma,4.219231,408.2121,957.6256,30.864443,469.10358,661.5719,358.6543,7314.1104,30.485613,20.65393
coloma,4.1016784,405.46323,936.2646,29.30958,430.11075,650.826,350.99033,7228.412,30.190239,20.488514
coloma,4.3595753,417.5511,960.0236,31.710188,482.40463,677.838,359.88947,7303.1636,30.359758,20.834808
coloma,4.54794,429.67966,966.252,32.771614,500.33347,702.88196,361.3096,7302.6987,30.134926,21.112928
coloma,4.2475963,410.36505,961.26556,30.987656,472.2956,667.0647,359.10196,7327.978,30.43011,20.717043
coloma,3.4964108,367.73996,962.73175,25.58647,385.45346,601.8663,349.70267,7466.0415,30.51332,20.00992
coloma,3.524735,366.5955,962.1977,25.89501,391.8183,600.3996,350.75186,7460.849,30.605148,19.994633
coloma,3.3159158,352.83826,961.12756,24.511562,370.98346,575.50354,348.6508,7498.477,30.758629,19.71824
coloma,4.1252165,403.4104,957.70917,30.171007,457.63538,653.45087,357.6109,7331.0767,30.476086,20.572878
coloma,4.3900785,420.74335,965.4183,31.665699,482.0938,688.8091,359.37903,7323.426,30.164028,20.96536
coloma,4.093004,401.0728,961.453,29.936142,455.89407,652.36304,357.65396,7355.2666,30.486834,20.555721
coloma,3.2284365,341.1992,943.00006,24.342417,366.18542,546.9571,348.17264,7429.0527,31.181091,19.357027
coloma,3.773326,381.59897,959.44495,27.61674,417.6664,623.84955,353.19055,7399.54,30.522934,20.253004
coloma,3.7447593,380.464,961.6253,27.356247,414.2713,622.88947,352.77762,7416.782,30.506533,20.247301
coloma,4.5611835,432.88715,965.87286,32.641655,494.74225,711.0836,360.15146,7295.9595,29.92618,21.202335
coloma,4.2851524,412.55655,962.1093,31.081444,472.11725,675.25183,358.52545,7322.7354,30.284897,20.804329
coloma,4.420502,422.3147,967.2614,31.856398,485.08878,694.33765,359.89133,7325.4287,30.100006,21.016327
coloma,3.5027988,364.01007,957.5699,25.826668,390.67422,592.34924,350.56247,7444.7124,30.728022,19.9133
coloma,3.5063224,363.1718,959.7234,25.915413,393.4586,591.72986,351.26593,7456.3223,30.763157,19.9036
coloma,3.272599,346.00418,953.7163,24.42736,369.78998,559.76166,348.7918,7477.1787,31.007244,19.5355
coloma,3.8490198,388.0876,959.3086,28.147207,425.8437,631.2411,354.2579,7386.4873,30.479,20.351732
coloma,4.1189604,409.1188,970.55634,29.659925,450.33246,673.3336,356.3841,7389.5137,30.054663,20.814577
coloma,3.8245277,388.39856,967.0951,27.839897,422.7003,635.53644,354.25616,7431.3994,30.375595,20.403341
coloma,3.6129851,373.58438,958.83636,26.410345,397.38568,611.4287,350.6531,7424.788,30.501963,20.118492
coloma,3.6342516,383.9829,968.3945,26.417234,399.06577,621.9826,351.6544,7405.831,30.280098,20.347887
coloma,3.4711707,364.08234,961.80054,25.452986,384.30615,596.36536,349.46738,7468.364,30.59922,19.951593
coloma,3.7859366,386.39572,956.4463,27.559351,412.87238,630.9614,352.11996,7376.053,30.353506,20.315817
coloma,3.6590536,378.17203,960.0813,26.675013,400.5492,619.4757,350.90356,7419.4414,30.398882,20.195393
coloma,3.5243185,365.68726,955.15985,25.97218,390.9012,595.7963,350.1805,7424.524,30.673697,19.930098
coloma,4.2119255,462.73724,988.0178,28.27851,425.91507,741.88153,350.79956,7153.8267,27.911537,21.77845
coloma,3.4051301,357.77838,954.9756,25.103626,377.31915,584.15424,348.41483,7447.2617,30.712746,19.800678
coloma,3.7189157,405.64383,977.298,26.39545,398.2731,649.3818,351.16376,7310.845,29.649881,20.745918
coloma,3.7961457,382.98447,951.17004,27.879314,418.59396,621.9452,352.80365,7348.399,30.568213,20.205355
coloma,3.5179918,361.99365,948.3876,26.190342,394.11075,585.07904,350.85986,7392.8066,30.88519,19.788813
coloma,3.5528486,365.26218,950.86566,26.26332,394.96478,594.42554,350.37384,7395.2124,30.747883,19.903093
coloma,3.972615,397.90018,959.4404,28.78419,432.59595,651.4516,354.08044,7357.742,30.23945,20.5415
coloma,3.2911131,346.81177,947.55963,24.649967,371.22733,558.6845,348.5576,7437.6562,31.041552,19.499744
coloma,3.7475114,385.36377,964.38165,27.160732,408.04514,635.466,351.5098,7418.637,30.207369,20.370316
coloma,3.5700061,365.83002,947.0151,26.567812,399.8086,590.31,351.23038,7372.636,30.883717,19.8426
coloma,3.3440068,349.55154,946.71454,25.06522,377.78445,563.3253,349.12622,7421.665,31.058935,19.544088
coloma,3.4250371,356.83813,951.9262,25.384953,382.3256,580.49603,349.24335,7429.435,30.824762,19.760832
coloma,4.0862927,401.25714,955.5609,29.86396,451.51498,650.79114,356.67242,7323.5596,30.460016,20.542923
coloma,3.82793,383.42838,954.7121,28.239748,427.41086,620.64905,354.74353,7370.01,30.674688,20.212378
coloma,4.138969,404.73422,962.1219,30.053484,456.3157,662.2844,356.951,7349.123,30.323074,20.686705
coloma,4.04392,398.05353,953.95496,29.66411,448.45218,643.7994,356.5927,7324.155,30.539791,20.46407
coloma,3.9403055,391.50186,957.9532,28.89295,438.09525,635.72516,355.68735,7366.077,30.54994,20.390991
coloma,4.0137877,395.3849,957.8235,29.395868,445.72113,643.58453,356.33063,7351.1685,30.509363,20.47147
coloma,3.780605,381.6299,953.72986,27.813738,419.16373,619.4026,353.55478,7367.5786,30.607035,20.186111
coloma,3.7399116,379.8629,959.16364,27.44132,414.8054,619.532,353.1654,7403.7646,30.5491,20.200043
coloma,3.5695612,367.15265,954.8178,26.329124,397.42596,597.97516,350.9699,7414.6606,30.71602,19.960396
coloma,3.1953728,343.37802,947.5762,23.80206,356.03302,555.07996,346.27252,7454.7676,30.920826,19.466543
coloma,3.231335,350.15512,960.051,23.817904,357.4014,571.99194,346.5307,7505.161,30.650764,19.668955
coloma,2.9458888,327.34045,952.6838,21.96103,328.76062,531.8277,342.87393,7535.148,30.96192,19.209896
coloma,4.044876,397.70746,956.7803,29.584448,447.808,646.6857,356.38818,7338.408,30.488121,20.495607
coloma,3.6598895,371.68317,952.8773,27.158611,411.01395,600.6094,353.15662,7392.8545,30.823832,19.982054
coloma,3.9749222,394.463,962.25006,29.008772,440.66888,645.4671,355.74603,7376.6055,30.419239,20.495275
coloma,3.7542136,385.22836,961.6351,27.344206,411.10944,630.0051,352.48648,7410.4927,30.329939,20.321146
coloma,3.9269507,396.47815,964.321,28.463337,429.32422,649.192,354.3272,7392.8325,30.221142,20.53468
coloma,3.866266,394.44272,965.26764,27.874329,419.14053,649.4983,352.38632,7399.829,30.115196,20.532837
coloma,3.6419523,371.5628,956.5131,26.929733,408.12088,602.6545,352.83493,7414.571,30.752382,20.017225
coloma,4.165265,446.70804,985.3707,28.844135,438.97647,711.70355,354.61026,7209.6255,28.880007,21.511015
coloma,3.407042,354.40063,950.70844,25.458021,385.2591,571.2401,350.30936,7433.9062,31.012085,19.656988
coloma,3.1928742,338.84763,944.0522,23.950186,359.51727,547.58075,346.90027,7441.4976,31.091808,19.376596
coloma,3.3165753,348.3508,947.8964,24.752481,372.41837,563.77795,348.38306,7433.8643,30.983042,19.565052
coloma,3.2948134,344.73178,946.9778,24.704327,372.04123,558.2039,349.18417,7435.385,31.075716,19.482824
coloma,3.225622,341.5731,948.06256,24.275625,367.72357,549.05194,347.94647,7454.46,31.192991,19.38157
coloma,2.6070259,302.93124,939.56635,19.43245,285.03427,493.21442,334.55307,7543.2817,31.061684,18.70047
coloma,2.4686522,288.69925,921.6049,18.886282,275.63623,462.70532,333.9083,7485.406,31.366276,18.317917
coloma,3.232976,352.9912,948.1041,23.682726,346.97708,580.7552,342.74127,7422.6777,30.336233,19.704103
coloma,2.6459744,306.62445,935.17896,19.896269,290.63364,495.79504,335.49884,7499.3584,31.027813,18.717804
coloma,2.8781872,326.6473,940.3768,21.347467,310.81717,534.66223,337.76852,7462.9155,30.643631,19.160828
coloma,4.0440135,397.55795,958.63336,29.596622,449.13568,646.91895,356.5278,7349.3486,30.495777,20.50231
coloma,3.940023,392.5722,961.08826,28.789675,437.30392,639.5157,355.15625,7379.217,30.483486,20.430796
coloma,3.7140393,375.17075,952.6975,27.567587,417.25204,605.7229,353.87753,7381.0903,30.80697,20.032833
coloma,3.3503013,351.3515,951.31195,24.8396,373.87604,572.9285,348.06223,7442.8184,30.854053,19.682257
coloma,3.3027036,351.75046,955.0,24.427397,366.43912,573.73456,347.5029,7469.0815,30.735514,19.689035
coloma,3.1771045,343.469,954.10974,23.516232,351.9405,561.73236,345.59473,7489.0327,30.760548,19.54883
coloma,2.5657272,300.06335,929.55084,19.543482,286.23663,480.92975,335.87384,7496.3877,31.169329,18.570784
coloma,2.645274,324.79843,952.0073,19.004139,275.40424,532.2348,330.70612,7512.866,29.975965,19.109413
coloma,2.4537807,304.01895,933.368,18.191355,261.755,491.337,328.82248,7499.7583,30.536367,18.651646
coloma,3.410733,356.22034,950.9921,25.29544,380.38638,579.1496,349.17697,7427.0405,30.819212,19.74292
coloma,2.9536114,322.80566,943.9034,22.255014,334.05328,519.5757,343.89517,7495.309,31.230652,19.05656
coloma,3.205697,345.97516,952.86383,23.66028,352.87897,565.8861,345.31232,7474.573,30.717556,19.58311
coloma,3.29555,348.6409,951.23676,24.41063,366.72803,568.51056,347.1719,7452.2153,30.845406,19.626259
coloma,3.148743,341.12878,955.48596,23.33434,350.0812,556.4931,345.54178,7504.186,30.831614,19.489288
coloma,2.8394713,315.77023,945.9691,21.296743,318.62335,512.678,341.25375,7530.5938,31.16508,18.978283
coloma,3.234466,348.71457,943.49036,23.654135,347.86133,566.19086,343.5092,7429.886,30.643404,19.573383
coloma,3.1315835,343.192,954.8851,23.167587,345.6659,559.39276,344.83643,7499.2246,30.710302,19.52218
coloma,3.1011848,344.36008,942.84,22.521433,325.67917,558.6181,340.83112,7442.288,30.469246,19.416264
coloma,3.2707653,346.7644,933.8188,24.018278,352.5673,559.26105,343.64587,7379.907,30.808363,19.485754
coloma,2.9919765,330.91708,925.9552,21.885921,315.6719,529.9072,337.47214,7397.27,30.82558,19.11227
coloma,3.1034071,336.92917,941.63043,22.864452,336.431,546.37134,342.63928,7453.1323,30.83492,19.332527
coloma,2.2990832,290.4018,913.35254,16.84502,234.90858,463.63812,323.03772,7455.8403,30.645533,18.235065
coloma,2.2147636,295.96643,941.1493,15.841152,224.99904,482.49564,319.34134,7537.0386,29.89601,18.475563
coloma,2.1277409,300.15933,919.45056,14.778206,201.47513,484.22354,310.88892,7405.14,28.988075,18.377142
coloma,2.9735641,324.37027,943.92847,22.322718,334.41574,524.7406,343.65976,7491.1094,31.158484,19.124598
coloma,2.9112728,328.5733,952.2521,21.598583,320.26608,535.06067,341.2435,7533.321,30.792843,19.229136
coloma,3.060461,344.4117,955.0658,22.31477,329.03754,565.8889,341.1092,7489.751,30.345387,19.562197
coloma,2.9464476,326.9896,922.6831,21.895618,315.61963,525.6305,338.7089,7379.2656,30.864916,19.049515
coloma,2.7500327,318.66452,932.94885,20.611095,298.83383,515.14545,336.57617,7454.7017,30.788633,18.942047
coloma,2.5420907,299.98514,924.51886,19.174648,277.13098,483.66858,332.9541,7470.131,31.04544,18.562508
coloma,3.0196226,331.72824,939.6098,22.785948,338.07187,534.5245,344.03262,7442.6387,30.973433,19.205011
coloma,2.8926973,330.08994,944.80164,21.677492,318.85797,532.89246,340.81067,7482.2363,30.727932,19.181961
coloma,2.905331,329.18954,942.6894,21.709248,318.8616,534.1282,340.33618,7472.675,30.73388,19.190912
coloma,14.582347,1593.7843,1033.496,49.39613,619.44904,2500.7751,323.20062,5617.3193,1.5279913,35.585316
coloma,13.665854,1560.3188,1020.1903,46.766644,580.02594,2427.5334,319.47455,5577.9897,1.5277216,34.92547
coloma,14.28168,1600.0199,1032.47,48.000507,598.8433,2495.7266,320.6837,5596.7847,1.4332093,35.56201
coloma,12.759622,1491.0223,1005.3562,45.29031,561.4901,2309.0637,320.3709,5553.4204,1.8247172,33.793663
coloma,12.514623,1498.4398,1008.1508,43.94309,542.8879,2320.5845,317.73264,5558.3936,1.6841005,33.88968
coloma,13.322632,1540.1758,1016.20496,46.161343,574.1229,2393.7947,319.87924,5579.091,1.6164883,34.60365
coloma,13.705837,1574.0385,1029.6681,46.445286,577.822,2460.7236,319.15268,5609.282,1.4502231,35.25296
coloma,13.478292,1569.1171,1022.108,45.663506,564.82794,2438.6,317.29117,5580.127,1.4321028,35.024757
coloma,13.557158,1573.8221,1024.6879,45.91627,569.39307,2449.1978,317.9049,5588.855,1.43342,35.113384
coloma,14.635934,1584.6372,1032.5808,50.058956,630.51624,2487.4646,324.79013,5624.4375,1.6178916,35.520943
coloma,13.851308,1569.3242,1022.2345,47.284077,589.45026,2442.9329,320.38315,5588.615,1.5372883,35.08534
coloma,10.125234,1456.9983,1007.8589,34.834805,416.29807,2246.996,300.99545,5540.05,1.2151142,33.061672
coloma,12.441023,1581.3234,1030.4335,40.687767,491.844,2463.5652,308.41592,5619.4766,1.1081706,35.21782
coloma,11.8395605,1553.8402,1022.81836,39.367863,479.5016,2403.9624,307.4349,5588.8643,1.1732881,34.72199
coloma,12.243832,1570.7803,1026.0437,40.517887,495.2966,2434.8792,308.89832,5597.312,1.1794045,34.99231
coloma,13.506391,1581.3547,1027.0266,45.46042,563.59564,2461.608,316.99246,5596.6733,1.3843552,35.232124
coloma,13.974828,1585.5425,1028.176,47.26932,590.19244,2473.1257,319.97882,5605.2793,1.4744295,35.362213
coloma,14.273544,1599.7198,1031.3541,47.968643,599.8749,2498.6814,320.55502,5610.839,1.4515626,35.5838
coloma,14.773092,1595.8589,1030.0093,50.25927,632.9657,2497.222,324.2933,5612.586,1.596095,35.586914
coloma,14.172331,1589.8569,1029.1641,47.92773,597.83875,2482.6726,320.58633,5598.787,1.4708811,35.411377
coloma,14.575184,1593.4446,1030.1006,49.496387,622.03314,2492.7017,323.21414,5613.9995,1.5642866,35.551376
coloma,15.456285,1679.3599,1054.3918,49.048042,616.7434,2646.4058,320.1263,5681.39,1.1907855,36.95097
coloma,14.916055,1615.4292,1039.3252,49.867653,621.29535,2547.8328,322.83682,5650.5996,1.4421121,35.95929
coloma,14.468345,1608.5919,1042.4521,48.073944,589.54944,2556.1633,319.97437,5687.651,1.3305135,35.935696
coloma,15.966563,1617.0444,1038.2017,54.590897,695.9775,2545.9548,330.03098,5636.021,1.7269185,36.058777
coloma,15.907136,1625.0455,1040.1669,54.02015,687.7801,2557.5222,328.93765,5637.3726,1.657643,36.152348
coloma,16.091282,1644.1892,1046.3445,53.602947,675.1047,2605.4915,327.36542,5668.3545,1.4992574,36.491253
coloma,15.071493,1612.645,1037.3936,50.98858,643.1719,2532.9172,324.96722,5628.661,1.5432669,35.88972
coloma,15.303772,1616.9199,1038.5872,51.833107,656.3851,2541.747,326.2564,5637.255,1.582742,35.9949
coloma,15.410699,1615.9756,1038.5984,52.34081,663.7891,2541.6033,327.06082,5637.2256,1.6135997,35.99191
coloma,14.95254,1664.7405,1058.6608,47.56513,599.5954,2622.2246,320.03525,5668.6904,1.1691886,36.818737
coloma,14.948145,1666.292,1059.3636,47.51314,599.111,2625.3967,319.97208,5669.6543,1.162469,36.842293
coloma,8.047211,1082.4312,966.4555,36.60044,477.59848,1634.5585,327.35617,5742.8696,6.1350074,27.616314
coloma,14.538328,1661.8096,1060.9982,46.27607,582.3241,2620.7244,318.68817,5685.8467,1.1302593,36.798363
coloma,14.511848,1661.989,1061.4504,46.15869,580.6605,2622.065,318.49234,5687.9497,1.1232138,36.80832
coloma,14.439515,1664.0221,1062.4778,45.796597,575.9576,2625.9585,318.00375,5692.022,1.1033599,36.843506
coloma,16.104395,1687.7572,1068.48,51.481056,658.5721,2680.3052,325.86496,5711.33,1.2542529,37.33371
coloma,15.928784,1684.6884,1067.2412,50.94513,650.57697,2673.6875,325.166,5707.042,1.2420747,37.266815
coloma,15.700467,1687.8156,1068.0061,49.835033,634.615,2674.7537,323.5687,5701.3115,1.1810428,37.263855
coloma,15.682244,1688.393,1069.561,49.62484,632.72015,2675.234,323.32175,5707.1094,1.1792051,37.30733
coloma,15.624083,1691.9386,1071.3495,49.238667,627.86176,2680.6309,322.8261,5711.052,1.1525201,37.359848
coloma,15.563496,1691.2543,1071.8579,49.0186,625.3042,2679.9233,322.62524,5715.1494,1.1485517,37.36069
coloma,14.254502,1685.799,1072.2286,44.082714,554.85187,2660.7522,315.70706,5705.727,0.97549963,37.150734
coloma,14.232485,1687.2021,1073.3484,43.96965,553.85693,2662.4116,315.6907,5704.4033,0.96784645,37.176846
coloma,14.206703,1687.2876,1073.8448,43.802124,551.6844,2663.7046,315.38977,5710.975,0.9609167,37.190994
coloma,14.825065,1684.0175,1071.4092,46.53039,589.4118,2666.2078,319.42126,5718.213,1.0783015,37.210236
coloma,14.883876,1687.5735,1073.1758,46.619026,591.61334,2671.5369,319.72903,5721.023,1.074217,37.271133
coloma,14.966529,1686.5563,1072.2759,46.931057,595.5758,2671.564,319.9427,5722.034,1.0858402,37.268703
coloma,14.368677,1678.537,1072.2439,44.858032,564.63086,2655.982,316.91937,5717.7065,1.0265052,37.089745
coloma,14.275976,1677.2417,1071.5991,44.567158,559.9713,2652.8792,316.47723,5714.778,1.0191382,37.048485
coloma,14.346027,1677.2007,1072.4926,44.754044,563.1416,2654.6267,316.75198,5719.6167,1.0265801,37.072285
coloma,15.697318,1699.3563,1074.5941,49.172573,628.37616,2694.4277,322.99576,5729.603,1.1295892,37.497112
coloma,15.782849,1702.3251,1074.9653,49.37953,631.4355,2699.2964,323.19974,5727.1357,1.1279148,37.531902
coloma,15.765146,1702.463,1075.7484,49.25314,629.823,2700.2578,323.09592,5732.8667,1.1223646,37.551018
coloma,11.813412,1646.1407,1075.7225,35.573757,436.48856,2593.137,301.78256,5717.0815,0.7505802,36.55906
coloma,11.867107,1645.0077,1076.1666,35.65925,438.1614,2591.61,301.8516,5718.47,0.754001,36.556545
coloma,11.84997,1646.0708,1075.9827,35.69594,438.29733,2594.6758,301.9546,5718.271,0.75407404,36.565697
coloma,13.897606,1688.1512,1077.9934,42.218277,529.3405,2663.6362,312.4458,5725.176,0.89519054,37.18411
coloma,13.849608,1688.5009,1079.1416,41.84212,524.72894,2664.3308,311.67188,5726.393,0.8777095,37.189964
coloma,13.737946,1686.4326,1079.5374,41.504467,519.9203,2660.2246,311.2564,5727.735,0.87275994,37.158688
coloma,14.384918,1690.9628,1078.7231,44.159664,558.4595,2674.199,315.55197,5724.2285,0.96401274,37.28949
coloma,14.281054,1689.953,1078.3218,43.787792,553.01715,2671.4216,314.93,5722.564,0.95314574,37.252987
coloma,14.010753,1681.6207,1077.4221,43.10865,542.817,2659.1677,313.92816,5722.547,0.94872767,37.138733
coloma,13.36554,1657.8041,1058.4175,41.271767,510.42953,2593.4883,310.24014,5657.498,0.92976755,36.568916
coloma,13.422092,1656.4346,1058.1384,41.585396,514.8298,2593.3276,310.76505,5658.379,0.9461846,36.560696
coloma,13.467792,1657.9794,1058.4044,41.731667,517.1772,2595.971,310.96515,5657.795,0.9493003,36.586384
coloma,13.907821,1668.1228,1061.3868,43.1936,537.6271,2618.5483,313.36316,5667.457,0.97685003,36.751236
coloma,13.757904,1666.8938,1061.2264,42.68351,530.91473,2614.8682,312.61334,5664.681,0.96235394,36.724182
coloma,13.914353,1671.2943,1063.0195,43.070118,536.7243,2623.8018,313.1799,5671.5386,0.96399945,36.81418
coloma,10.170741,1564.8245,1054.357,31.61522,375.64145,2444.3503,293.7967,5663.212,0.74157137,35.162426
coloma,10.164747,1565.047,1054.5927,31.61953,375.69943,2444.4475,293.9091,5663.0376,0.7422921,35.164074
coloma,9.852126,1552.0826,1053.1042,30.721088,363.4113,2423.6978,292.19638,5661.8105,0.7325245,34.96389
coloma,11.188989,1568.7737,1048.7446,36.045456,436.238,2449.2563,303.61847,5665.298,0.95987505,35.240788
coloma,11.248268,1575.652,1050.6958,36.044914,436.77792,2460.7126,303.5563,5668.298,0.9408521,35.35698
coloma,11.342864,1578.7101,1050.5878,36.369907,441.3622,2465.2468,304.0724,5665.8745,0.9491462,35.39465
coloma,11.032655,1591.1143,1056.386,34.51974,416.3583,2488.591,299.98642,5670.6777,0.8258583,35.592808
coloma,11.339635,1597.8756,1056.688,35.495117,429.79718,2501.1558,301.74286,5672.248,0.8514969,35.707027
coloma,11.4871435,1606.1545,1057.3622,35.89412,435.65155,2512.6963,302.33105,5668.93,0.85073286,35.81471
coloma,14.0389,1646.8894,1054.5895,45.46108,567.7823,2587.8645,316.8054,5657.0244,1.150622,36.39708
coloma,13.503832,1632.4147,1053.1361,43.9197,545.4342,2562.6047,314.8009,5656.446,1.1303219,36.167934
coloma,13.449618,1630.715,1052.8379,43.768826,543.2962,2559.9158,314.58624,5656.707,1.1291101,36.14234
coloma,13.985903,1645.5333,1055.4506,45.345413,566.31213,2588.8684,316.79913,5657.216,1.1430911,36.378147
coloma,13.934951,1643.2207,1055.3643,45.229397,564.6567,2585.6875,316.67007,5657.75,1.1435406,36.35009
coloma,13.872816,1646.8884,1056.3909,44.82322,559.209,2591.3315,315.98788,5658.6353,1.1149385,36.397514
coloma,10.869765,1605.5123,1067.9906,33.151287,399.0781,2531.121,296.65927,5701.2954,0.73634046,35.907413
coloma,10.819412,1607.7235,1068.4874,32.994587,396.8885,2533.9612,296.3295,5699.253,0.72665334,35.92625
coloma,11.003902,1628.1653,1074.8871,33.00694,399.80722,2561.1018,296.89896,5706.588,0.6908441,36.24853
coloma,14.051499,1669.2699,1060.9027,43.517853,542.5366,2618.333,313.91837,5674.107,0.9821733,36.80936
coloma,14.22795,1674.556,1062.5636,43.972347,549.2126,2628.7935,314.5848,5679.553,0.983793,36.904152
coloma,14.303382,1676.1901,1063.347,44.185177,552.27423,2632.7527,314.91797,5684.4043,0.986637,36.943707
coloma,13.08513,1677.237,1066.5688,39.200813,484.3162,2624.263,306.85074,5679.011,0.8039366,36.85898
coloma,13.148556,1686.2043,1071.2174,39.116386,484.6282,2638.2927,307.28494,5681.147,0.78740317,36.98046
coloma,13.007197,1677.254,1067.0426,38.938713,480.8555,2624.2617,306.5424,5678.8843,0.79647154,36.850925
coloma,10.377594,1605.4701,1070.1814,31.072155,371.76004,2528.3315,292.8559,5712.9385,0.6562988,35.910305
coloma,10.41877,1609.1472,1071.655,30.966572,371.39822,2533.8992,292.6827,5714.081,0.64335126,35.975407
coloma,10.4908495,1607.1377,1070.5435,31.408394,376.51022,2532.161,293.50583,5714.924,0.66462255,35.946327
coloma,14.62,1646.9708,1048.998,47.741188,599.2779,2578.8936,320.05872,5634.784,1.249713,36.34866
coloma,14.57857,1644.8549,1048.1996,47.694107,598.4451,2574.958,319.99768,5634.5747,1.2575163,36.31116
coloma,14.255431,1619.4963,1038.6935,47.31276,591.0026,2523.4797,319.59662,5612.358,1.3333365,35.868065
coloma,14.881461,1640.3429,1044.8496,49.032326,615.039,2567.341,321.57498,5622.973,1.3209736,36.231743
coloma,15.260837,1648.5831,1047.2196,50.18885,631.4691,2585.3745,322.97736,5631.123,1.3387474,36.40315
coloma,14.940984,1643.448,1046.1263,49.141014,616.9543,2573.2212,321.76453,5625.803,1.3144532,36.28974
coloma,15.625029,1654.7783,1051.3391,51.180252,641.19745,2616.2703,324.42828,5674.663,1.32672,36.630505
coloma,15.684604,1649.171,1046.7632,52.005512,657.272,2591.4504,325.4663,5636.154,1.4247651,36.448948
coloma,15.721795,1649.7622,1047.3396,52.145443,659.6479,2592.6313,325.76782,5636.9585,1.4301844,36.464993
coloma,15.533058,1650.4,1049.3402,51.35643,650.04755,2590.6943,325.22607,5635.7944,1.3975503,36.469322
coloma,15.444004,1643.3496,1044.9695,51.26675,646.7913,2578.3875,324.60254,5629.123,1.4173638,36.329582
coloma,15.438406,1644.4406,1050.4543,51.34584,651.01587,2579.9382,325.96838,5639.5767,1.4289513,36.41565
coloma,13.026319,1570.1803,1029.2664,44.14967,547.308,2432.6772,316.97784,5599.6475,1.3853978,35.086094
coloma,13.75262,1612.6952,1037.6685,45.40042,563.1856,2507.8745,316.59482,5605.668,1.2611748,35.72563
coloma,14.038093,1612.6041,1037.0319,46.57162,579.6081,2511.3284,318.39774,5606.1904,1.3174069,35.747986
coloma,13.931462,1616.0494,1037.6394,45.91041,569.91876,2515.755,316.89215,5604.385,1.2688285,35.781178
coloma,14.046699,1620.4296,1038.7863,46.203293,574.17395,2523.6433,317.22845,5606.675,1.2673194,35.85802
coloma,14.001069,1617.9717,1038.0167,46.121433,573.0268,2519.161,317.18164,5605.3936,1.2736403,35.815796
coloma,13.927255,1658.505,1057.6912,43.511425,541.27905,2602.0366,313.91183,5662.9614,1.0140502,36.629303
coloma,14.034604,1661.7833,1059.4694,43.75411,545.2766,2610.2883,314.3376,5670.6245,1.0124817,36.71391
coloma,14.211091,1678.292,1067.4844,44.022846,551.8935,2634.229,315.5633,5677.4688,0.99050844,36.97806
coloma,13.770065,1670.7461,1064.5029,42.38163,527.848,2625.805,312.40646,5688.6167,0.9359847,36.873272
coloma,14.136772,1676.6533,1067.0795,43.646126,546.09045,2637.8193,314.6973,5694.44,0.97443223,36.99693
coloma,13.909649,1673.7434,1065.113,42.87078,534.84576,2632.402,313.23697,5689.2783,0.9497118,36.919163
coloma,14.150785,1688.0392,1071.6802,43.192024,540.4737,2661.156,313.7401,5708.508,0.92202985,37.164154
coloma,14.264843,1690.1636,1072.4238,43.55754,545.84155,2666.5334,314.29608,5711.104,0.9300853,37.205853
coloma,14.32818,1696.2346,1075.5397,43.58343,547.3016,2675.7021,314.6949,5712.3174,0.92070115,37.290966
coloma,13.66463,1673.0024,1071.1932,42.03821,525.03723,2639.056,312.38388,5710.432,0.9240338,36.971043
coloma,13.721272,1674.1064,1071.3977,42.259422,528.1942,2641.9756,312.63144,5711.8086,0.92902946,36.997135
coloma,13.496006,1663.4218,1068.7883,41.817257,520.70953,2625.778,312.00467,5708.366,0.939813,36.826298
coloma,14.075423,1679.257,1077.1809,43.51347,547.7513,2660.737,314.58026,5725.3853,0.9614287,37.10781
coloma,13.963387,1673.5587,1075.9939,43.391617,545.4636,2653.7053,314.5214,5722.863,0.97100455,37.032104
coloma,13.911711,1673.1653,1075.8932,43.251553,543.2339,2653.6504,314.34488,5722.347,0.96583223,37.02204
coloma,13.891002,1672.5475,1073.426,43.146957,541.41815,2646.7366,314.0766,5715.166,0.9681601,36.990932
coloma,13.887917,1674.3987,1074.2675,42.999092,539.7479,2649.3022,313.79373,5716.7686,0.95619136,37.021072
coloma,13.777047,1673.4639,1074.2683,42.663788,534.8034,2647.6436,313.32956,5715.706,0.94592875,36.999302
coloma,14.383323,1690.279,1075.4619,44.32612,558.4864,2672.9937,315.79388,5720.1,0.96569335,37.24535
coloma,14.443323,1690.514,1075.3661,44.572037,561.8633,2674.0808,316.12704,5719.8345,0.97409934,37.251633
coloma,14.363705,1688.7422,1075.5294,44.287434,557.962,2670.6292,315.69434,5719.575,0.96797204,37.221336
coloma,14.603658,1654.6266,1052.758,46.369324,579.24945,2607.241,317.36285,5669.984,1.1296867,36.608837
coloma,14.7572155,1658.5258,1055.2972,46.740337,584.92316,2618.2825,317.95764,5681.8823,1.1303444,36.721214
coloma,14.432949,1652.3319,1053.3959,45.789467,571.6914,2604.2568,316.68872,5673.4253,1.1144949,36.582443
coloma,14.605459,1669.1355,1058.681,45.8724,574.4021,2632.415,316.5796,5682.1094,1.0649877,36.82784
coloma,14.640139,1666.6744,1058.6344,46.071014,577.2993,2630.159,317.0802,5681.914,1.080185,36.804916
coloma,14.414729,1667.3015,1058.4758,45.18359,564.9723,2628.0608,315.6931,5679.997,1.044407,36.785454
coloma,14.71115,1668.2667,1062.5586,46.157936,580.461,2639.3296,317.50388,5695.764,1.0792468,36.902348
coloma,14.650987,1666.586,1060.0062,46.161003,579.9008,2633.8452,317.40042,5685.5283,1.0905167,36.83044
coloma,14.737275,1670.6766,1063.1017,46.22194,581.6382,2643.1155,317.62552,5695.7505,1.076829,36.92962
coloma,14.125159,1652.9197,1058.1556,44.408844,553.9389,2610.1326,314.8837,5686.5054,1.0556183,36.64745
coloma,14.141058,1654.8297,1058.74,44.402298,554.1605,2613.4517,314.8442,5687.924,1.0495279,36.68211
coloma,14.022911,1651.7229,1057.8834,44.075016,549.36896,2607.6594,314.42883,5686.119,1.0473126,36.622536
coloma,14.805904,1652.3297,1053.3015,48.25457,607.6914,2607.2588,320.41837,5666.957,1.2423753,36.55142
coloma,14.674708,1646.7128,1051.904,47.96695,603.19617,2598.035,320.00052,5666.368,1.2477394,36.461227
coloma,14.646841,1646.6866,1051.8827,47.871185,601.8775,2597.4932,319.87823,5666.3433,1.2449045,36.457638
coloma,14.72478,1646.4971,1050.626,48.087177,604.24286,2593.8323,319.91718,5660.042,1.2566584,36.443577
coloma,14.41541,1645.2892,1051.4855,46.863956,587.43774,2591.4014,318.23093,5662.6035,1.2045386,36.42138
coloma,14.327089,1645.6005,1051.907,46.536034,583.00995,2590.5916,317.85934,5661.6743,1.1916232,36.41485
coloma,14.518473,1676.5322,1066.2379,45.120968,567.21936,2652.2527,315.95404,5708.615,1.0181882,37.05404
coloma,14.488287,1677.4849,1068.4194,44.813545,563.6889,2654.8687,315.57394,5715.252,1.0014192,37.097996
coloma,14.515166,1677.0654,1067.8544,44.95215,565.3473,2654.5085,315.7005,5714.353,1.0074034,37.084457
coloma,13.912896,1637.7877,1050.5074,44.49037,552.9068,2565.6462,315.92346,5653.4707,1.1205615,36.28559
coloma,13.848841,1639.4791,1051.2986,44.16809,548.59015,2568.506,315.41373,5654.6836,1.1010258,36.308693
coloma,13.819623,1637.9447,1051.1478,44.127808,547.9499,2565.9475,315.39023,5654.357,1.1035186,36.285748
coloma,14.642181,1681.044,1063.4868,45.54709,570.8186,2644.0017,316.81445,5683.704,1.025074,37.00459
coloma,14.575423,1679.9333,1062.8573,45.346737,567.82983,2641.98,316.5126,5682.192,1.0211641,36.97926
coloma,14.607135,1679.8442,1063.4203,45.462532,569.315,2642.5178,316.79004,5685.81,1.026825,36.9886
coloma,13.674883,1669.0566,1062.6161,42.028557,522.36816,2618.1638,311.59277,5679.109,0.9229025,36.80893
coloma,13.8005295,1669.0944,1061.8584,42.522152,528.9119,2619.5344,312.28452,5676.912,0.9410621,36.80989
coloma,13.721406,1668.2556,1061.816,42.251884,525.1758,2617.675,311.86392,5677.3594,0.93293875,36.794876
coloma,12.465892,1659.0786,1063.5356,37.585777,459.9919,2595.1763,304.35092,5686.679,0.78760517,36.60169
coloma,12.484915,1659.582,1063.378,37.660915,461.14548,2595.5303,304.455,5684.4404,0.7897547,36.604336
coloma,12.343759,1654.4299,1063.004,37.24436,455.13757,2588.6152,303.77615,5688.1074,0.7842333,36.54203
coloma,13.734566,1675.7065,1063.6364,41.965004,520.7608,2626.7764,311.19406,5679.2603,0.90444034,36.854935
coloma,13.667999,1673.9987,1062.0813,41.82638,518.4884,2622.6553,310.83984,5672.9224,0.90494907,36.80555
coloma,13.7429,1676.684,1063.7781,41.99005,521.127,2627.6592,311.22726,5678.1196,0.90354514,36.86154
coloma,13.552231,1655.3772,1057.6266,42.03016,501.83456,2626.8745,309.15265,5714.818,0.8857613,36.57842
coloma,13.5091305,1653.5447,1057.0912,41.950146,500.63278,2624.4124,309.05783,5713.8833,0.8862512,36.55017
coloma,13.529785,1654.2458,1057.354,41.990726,501.23996,2625.3977,309.10385,5713.7725,0.8863735,36.56163
coloma,15.2817545,1685.7406,1063.918,47.797764,600.9147,2659.0432,319.70325,5695.2837,1.0932745,37.12869
coloma,15.114062,1680.6943,1061.9614,47.40359,595.0415,2648.9436,319.2823,5686.736,1.0954192,37.028053
coloma,15.30959,1684.2612,1063.1398,48.018856,604.001,2656.6487,320.1189,5690.7876,1.1086639,37.103065
coloma,15.300239,1677.3425,1061.3171,48.378418,610.53125,2643.7056,320.9271,5674.012,1.1508367,37.003845
coloma,15.389546,1683.3256,1064.4958,48.470364,612.8933,2653.8745,321.33487,5680.9834,1.1375123,37.12017
coloma,15.2447605,1675.9401,1060.0608,48.15145,606.4091,2641.6064,320.27448,5673.763,1.1423374,36.97163
coloma,7.5077257,985.06415,937.50073,37.485798,486.00897,1521.2777,314.9035,5800.7393,6.948521,27.441618
coloma,7.317598,956.245,936.8368,37.121056,483.1827,1476.5406,316.0167,5839.4014,7.608994,27.094236
coloma,7.334728,957.92865,939.3764,37.13651,482.6345,1481.9943,316.02338,5847.061,7.5793405,27.129923
coloma,8.133034,996.9871,940.9015,40.75228,536.9487,1547.0453,321.5576,5805.167,7.5188255,27.699078
coloma,8.2188225,1001.5899,943.7017,41.079506,541.32306,1557.3336,322.0059,5814.9453,7.5076804,27.787506
coloma,7.9972816,989.4885,946.9564,40.131096,527.7514,1539.7188,321.2255,5839.3193,7.58399,27.615969
coloma,7.101935,961.6413,931.35944,35.776886,461.6449,1477.0476,312.20844,5796.2603,7.05389,27.052738
coloma,6.9157915,955.43854,933.07166,34.73811,445.39017,1471.2137,310.03793,5808.7383,6.8811474,26.98598
coloma,6.8883405,954.2829,936.55286,34.62226,444.0405,1471.463,310.22913,5826.262,6.8908544,26.981293
coloma,7.7799077,980.3492,932.6955,39.078934,510.25674,1515.6617,317.8171,5785.2114,7.4729567,27.43848
coloma,7.8283668,993.811,937.08356,38.94884,506.9649,1540.35,316.99847,5786.6187,7.098742,27.61419
coloma,7.8157024,986.6004,938.61,39.099224,509.74637,1530.6888,317.8475,5805.19,7.3532557,27.53498
coloma,6.4922404,938.6472,936.09235,32.666595,415.9888,1448.9803,307.12814,5813.863,6.534011,26.716835
coloma,6.9585414,961.3302,939.929,34.815247,446.65964,1488.8303,310.9034,5812.3574,6.654802,27.087326
coloma,6.8834414,962.5878,942.5818,34.28812,437.1999,1493.0262,309.64633,5816.3486,6.443213,27.101828
coloma,7.5463324,997.8657,950.10187,37.48846,487.57614,1539.9661,316.20792,5840.295,6.679668,27.702515
coloma,7.538322,1000.6119,951.17236,37.309177,484.9516,1546.3655,315.75992,5838.0293,6.53572,27.739824
coloma,7.613717,1005.0624,952.4741,37.613365,489.50803,1554.16,316.27698,5837.124,6.508218,27.816135
coloma,7.6105494,1006.3049,952.0428,37.49261,487.18335,1557.6044,315.74277,5834.726,6.434988,27.834452
coloma,7.5871167,1006.22577,952.7924,37.36552,485.41376,1557.6935,315.58148,5837.198,6.404572,27.83301
coloma,7.5632977,1001.66583,952.217,37.339695,485.07065,1550.3523,315.69437,5841.609,6.510209,27.779427
coloma,8.326046,1028.7689,953.38367,40.875282,538.195,1602.0568,321.28934,5816.051,6.747326,28.192057
coloma,8.551173,1049.898,959.5143,41.73427,550.39594,1631.9227,322.44788,5811.7686,6.523062,28.53515
coloma,8.335635,1028.5634,953.7047,40.92536,538.9348,1602.3093,321.40488,5817.266,6.763867,28.194235
coloma,8.007377,1014.69055,953.2215,39.37717,515.17786,1580.4159,318.82684,5827.1323,6.692566,27.99477
coloma,7.9434767,1012.8921,953.3159,39.034966,510.00977,1578.4779,318.21555,5827.1104,6.6322045,27.965576
coloma,7.8877716,1012.8198,954.0201,38.737453,505.65057,1577.9906,317.7426,5827.5566,6.5553784,27.957516
coloma,8.539932,1059.9398,965.0972,41.479164,545.6173,1645.2263,321.78177,5821.729,6.3013587,28.75066
coloma,8.142309,1022.3275,952.85956,39.962593,524.1229,1590.902,319.61078,5821.942,6.674256,28.104662
coloma,8.203897,1023.6384,952.84827,40.284992,529.1015,1592.854,320.1938,5822.0337,6.7320786,28.130726
coloma,7.738862,1005.81445,957.6465,38.161804,498.35724,1561.5293,318.11212,5867.56,6.618373,27.890064
coloma,7.808129,1019.8981,962.1566,38.294403,499.79337,1581.7781,318.0847,5864.2314,6.3626623,28.093801
coloma,7.8020835,1013.92834,959.8468,38.365875,500.97708,1573.1527,318.3169,5865.8,6.5037746,28.008108
coloma,7.684637,1067.4886,980.5115,36.62908,471.61566,1647.2826,313.6117,5849.9565,5.1156354,28.869268
coloma,7.0454435,993.7491,961.0048,34.740906,445.50092,1539.847,311.3861,5868.8276,6.0051703,27.592804
coloma,7.0947337,992.91425,959.8947,35.031094,449.7514,1538.66,311.95126,5868.023,6.1036253,27.584064
coloma,7.350564,1012.18304,958.954,35.711563,459.46613,1576.2687,311.8988,5833.251,5.7572446,27.907965
coloma,7.1778164,1003.16455,958.3914,34.979084,448.4375,1560.053,310.78622,5841.63,5.766504,27.773787
coloma,7.1377835,1000.6382,958.2019,34.811714,445.92493,1555.8427,310.54156,5844.1626,5.7765155,27.737406
coloma,5.8943205,923.1445,963.6117,29.237825,363.8424,1433.5,301.7439,5947.582,5.9835668,26.595604
coloma,5.791076,916.6365,962.8394,28.758427,356.8694,1422.0005,300.8079,5951.9487,5.988311,26.49131
coloma,5.847401,919.9886,963.26044,29.020731,360.74216,1428.3673,301.3303,5949.2456,5.984908,26.547688
coloma,7.8778224,1022.95184,955.18713,38.544056,501.94888,1587.2334,317.16852,5829.4956,6.3259244,28.087399
coloma,7.87359,1024.0923,955.7323,38.47429,501.143,1590.104,317.02045,5828.1343,6.2708154,28.102236
coloma,7.9086056,1025.5979,955.8742,38.628426,503.4197,1592.8573,317.24716,5826.8486,6.2747407,28.126545
coloma,6.4460487,946.3116,946.35236,32.820805,417.05533,1436.1521,308.89316,5900.2524,6.842644,26.833261
coloma,6.5628185,962.6121,951.7745,33.136745,420.99927,1461.1373,309.29062,5900.2695,6.5486913,27.097216
coloma,6.461116,952.0943,949.129,32.689854,414.46213,1448.2534,308.3905,5902.9688,6.6262584,26.924353
coloma,5.4210806,863.41864,944.7341,28.490377,358.7614,1295.8042,304.07532,6003.0405,7.73815,25.68124
coloma,5.977636,920.958,954.59686,30.473518,385.6877,1400.7972,305.95062,5949.666,6.69658,26.530493
coloma,6.862731,987.73615,960.0848,33.655804,428.18277,1528.2916,309.09662,5877.3945,5.829664,27.57034
coloma,6.0617433,938.5202,961.4919,30.261772,379.09988,1449.232,303.53482,5920.5093,5.9895115,26.838106
coloma,6.120428,945.04626,957.8081,30.116467,375.93906,1466.8005,301.9436,5895.0923,5.6656756,26.956388
coloma,6.288363,964.83057,963.0439,30.700974,384.09262,1498.4326,302.84366,5888.7856,5.4341145,27.269554
coloma,7.6159883,1011.693,1017.3537,38.955544,532.05145,1599.4843,323.73495,6078.935,7.3997827,28.332844
coloma,7.3172235,1000.1815,1016.8125,37.51811,509.6563,1576.9379,321.3124,6085.6904,7.3138127,28.12724
coloma,7.2489433,994.46466,1015.78754,37.272095,505.89148,1566.1547,321.03885,6089.322,7.408552,28.035065
coloma,8.13346,1043.9296,1021.31665,41.04768,563.3778,1657.8828,326.6066,6063.5083,7.1135097,28.83259
coloma,8.053756,1039.0481,1019.2701,40.78542,558.5302,1645.1151,326.26892,6061.393,7.22199,28.71847
coloma,8.028761,1040.2654,1020.3321,40.554462,554.91187,1648.8573,325.74307,6062.6997,7.1015053,28.751022
coloma,8.461834,1057.8005,1022.82587,42.418022,584.0991,1689.7256,327.8956,6047.407,7.0272074,29.103006
coloma,8.428619,1053.0997,1021.53735,42.398132,583.7738,1679.7074,328.0815,6048.858,7.1662445,29.0137
coloma,8.522164,1061.6086,1024.1436,42.707493,589.19666,1696.3203,328.3884,6047.0776,7.0174174,29.158567
coloma,8.664688,1053.3523,1021.83496,44.38192,619.7484,1670.626,332.7545,6051.7656,7.900335,28.921019
coloma,8.581483,1048.9489,1021.23584,44.018627,613.77203,1662.382,332.26462,6054.3667,7.928241,28.853388
coloma,8.540347,1046.3384,1020.82007,43.84984,610.96643,1657.6034,332.04416,6056.097,7.957674,28.810514
coloma,8.639591,1068.6396,1007.0608,43.671265,602.44666,1677.0262,330.12155,5976.2314,7.307424,29.01497
coloma,8.525113,1061.8695,1007.0007,43.252346,596.32275,1664.561,329.7908,5983.005,7.3919034,28.919188
coloma,8.597435,1069.711,1008.6063,43.45908,599.1248,1677.9432,329.84613,5978.174,7.2463107,29.039732
coloma,8.845079,1085.7834,1013.02026,44.02269,608.10443,1719.3367,330.29843,5979.7656,6.821644,29.399553
coloma,8.87684,1086.4587,1013.3664,44.12289,609.8242,1722.8413,330.45132,5981.894,6.804135,29.424862
coloma,8.723974,1078.2913,1012.2425,43.549454,601.02246,1706.5214,329.74988,5985.608,6.885792,29.284855
coloma,8.751812,1081.3595,1012.6413,43.499664,599.72406,1715.4371,329.3758,5984.5913,6.756214,29.353844
coloma,8.729669,1081.1482,1012.2557,43.386795,597.90753,1714.2637,329.08704,5982.85,6.737488,29.336765
coloma,8.6599655,1076.6786,1011.74316,43.116924,593.8222,1706.6445,328.7915,5985.9775,6.7769094,29.270502
coloma,8.864274,1076.8126,1007.1259,44.634705,617.08234,1694.1904,331.17722,5970.562,7.3323812,29.153423
coloma,8.800088,1074.026,1006.80176,44.331753,612.4074,1689.4282,330.72842,5972.628,7.322572,29.103666
coloma,8.89608,1080.72,1007.7241,44.674503,617.4589,1701.4327,331.0233,5967.9004,7.233398,29.206196
coloma,8.84172,1089.3888,1015.2296,43.510525,596.2379,1737.9882,328.6552,5984.8926,6.45025,29.522036
coloma,8.726999,1084.3602,1014.1328,43.001812,587.73987,1727.3993,327.903,5985.8496,6.457515,29.428026
coloma,8.79507,1084.4758,1014.5238,43.31999,592.7476,1731.7206,328.52283,5991.2437,6.4908333,29.472271
coloma,7.942831,1045.254,1011.8203,39.6958,539.9498,1655.3542,323.55038,6008.363,6.598382,28.81635
coloma,7.95531,1048.7935,1013.058,39.647003,538.74384,1661.7101,323.44302,6007.043,6.4953294,28.885395
coloma,7.8073263,1039.3278,1011.8682,39.000507,528.7958,1646.7609,322.5097,6015.8066,6.5275745,28.751303
coloma,8.157355,1043.7858,1011.50165,41.088802,563.964,1654.2625,326.66745,6017.468,7.050842,28.831066
coloma,7.945079,1033.5535,1009.82855,40.149994,549.25684,1634.6842,325.19696,6020.955,7.0673046,28.652788
coloma,7.8925295,1033.8158,1009.51556,39.895325,544.97864,1631.8932,324.61853,6016.3066,7.0254965,28.6229
coloma,8.970509,1076.8799,1008.97284,45.41281,630.412,1693.9968,332.9285,5983.533,7.556746,29.148603
coloma,8.969767,1076.618,1008.73346,45.411877,630.3445,1693.4457,332.90665,5982.625,7.562017,29.13886
coloma,9.004253,1079.7242,1009.26636,45.513737,631.7724,1699.0056,332.93488,5981.2744,7.503808,29.18901
coloma,8.363881,1055.8582,1006.09143,42.33067,581.32635,1657.7703,327.66046,5984.836,7.2615843,28.80259
coloma,8.19612,1041.3191,1004.7008,41.772,573.2916,1633.5896,327.20853,5997.111,7.4953494,28.581833
coloma,8.47831,1057.2742,1007.4694,42.940998,591.528,1663.3905,328.73456,5991.6147,7.3775463,28.839466
coloma,8.307176,1052.3264,1009.141,42.099075,578.71857,1655.2826,327.60657,6002.6494,7.289686,28.77962
coloma,8.265011,1049.4127,1009.1055,41.932095,576.31744,1650.7181,327.3998,6005.115,7.318019,28.735878
coloma,8.157262,1044.8092,1009.0171,41.435562,568.74274,1642.5491,326.70975,6008.955,7.305908,28.6643
coloma,8.144739,1042.909,1010.99774,41.30113,565.76984,1643.499,326.37296,6014.8076,7.2786975,28.645412
coloma,8.290083,1046.3768,1011.5737,42.07893,578.38196,1650.2345,327.82706,6015.5425,7.406977,28.711111
coloma,8.10873,1042.5999,1012.1733,41.139137,563.3065,1642.608,326.21747,6017.6367,7.2574143,28.647175
coloma,8.293665,1041.2139,1010.2569,42.34827,584.40936,1640.1804,328.68982,6015.873,7.637381,28.638815
coloma,8.2850895,1043.4972,1010.74194,42.22339,582.45294,1644.2036,328.34616,6014.9497,7.5368133,28.671291
coloma,8.378891,1048.0234,1011.0432,42.63289,588.6826,1652.3672,328.87198,6011.8105,7.5249634,28.740845
coloma,7.3075023,989.80066,1006.3734,37.99492,517.62494,1548.4658,322.75693,6055.9644,7.834336,27.838331
coloma,7.3223877,995.2416,1007.97424,37.970676,517.6554,1557.3739,322.5606,6052.748,7.678484,27.918919
coloma,7.198193,989.49243,1007.2686,37.404366,507.5639,1544.8679,321.79987,6053.4326,7.69942,27.828123
coloma,6.719288,998.5641,1018.10345,33.649967,446.6575,1578.3854,312.08704,6058.4375,6.0273986,28.197985
coloma,6.5079904,964.59985,1010.39355,33.038406,438.91458,1527.6333,311.804,6084.8477,6.5825562,27.678959
coloma,6.516107,965.3393,1010.69574,33.08965,439.86813,1528.5693,311.88144,6083.4785,6.5903735,27.682919
coloma,7.5050087,893.21826,979.7517,40.021427,533.10834,1332.0337,330.2152,6341.1235,14.124608,26.152922
coloma,7.442987,891.68866,979.65564,39.695686,527.9287,1328.5726,329.62564,6341.731,14.066916,26.121786
coloma,7.463682,892.5624,979.9997,39.810673,529.9269,1329.879,329.8999,6341.882,14.084057,26.139114
coloma,8.943506,1053.3177,1014.26416,44.93369,610.5551,1567.3689,336.4799,6247.1943,10.11058,28.798443
coloma,8.768029,985.40674,991.3049,45.448044,615.52594,1486.4375,336.69617,6264.0674,12.095168,27.657295
coloma,8.766027,985.96826,992.1684,45.422943,615.3945,1487.4406,336.75513,6266.8867,12.081222,27.66772
coloma,8.98081,987.4299,985.3561,46.39118,625.7141,1479.2094,337.22263,6249.0757,12.3599615,27.774252
coloma,8.859574,966.6934,978.3797,46.175945,621.9879,1453.8518,336.75888,6253.637,12.948713,27.434526
coloma,8.817075,973.69855,982.59595,45.775303,616.086,1459.2086,336.39688,6258.238,12.639397,27.554564
coloma,8.763719,964.9216,975.4045,46.459667,630.6671,1439.0101,338.80148,6221.692,13.363739,27.308836
coloma,8.986936,980.03064,978.3268,47.235874,641.93854,1466.1597,339.3794,6211.9556,12.980515,27.545418
coloma,9.074113,979.70996,977.9805,47.77128,650.4157,1465.8928,340.26935,6214.5312,13.192296,27.550112
coloma,8.179997,951.29376,976.8687,43.290764,578.22235,1408.3005,333.9908,6257.615,13.089389,26.939224
coloma,8.255254,955.888,977.10645,43.626373,582.9955,1416.7504,334.1854,6252.9897,13.008042,27.006702
coloma,8.242154,955.1759,977.52454,43.57437,582.34814,1415.1208,334.214,6255.759,13.030655,26.999533
coloma,10.429088,1006.508,984.2977,54.366665,757.29803,1533.5919,349.8396,6238.436,14.008777,28.17352
coloma,10.231667,1001.57776,985.67505,53.458076,744.20416,1520.2756,349.12387,6248.8057,14.045425,28.078773
coloma,10.289457,1003.04376,984.83936,53.683983,747.26385,1524.7397,349.17303,6243.4126,13.994854,28.112757
coloma,9.202783,962.9597,975.17664,48.93211,670.93976,1445.4308,342.99246,6243.4907,14.247028,27.34008
coloma,10.028456,1005.8957,979.77576,51.0528,696.97296,1531.4401,343.66144,6217.7715,12.684295,28.212376
coloma,10.191017,1014.6518,981.5418,51.640896,705.9114,1547.0049,344.19803,6212.9873,12.514421,28.361599
coloma,8.767985,998.41156,985.2833,43.077366,566.3717,1517.0408,329.97006,6176.0234,10.1469345,27.965023
coloma,8.354952,978.5062,984.2283,41.882298,551.13403,1476.3208,329.1429,6186.92,10.599955,27.562721
coloma,8.736746,1002.9341,987.2995,42.76762,561.73126,1525.4398,329.3739,6176.502,9.879142,28.029646
coloma,8.487263,964.3159,966.98755,43.10932,569.1408,1447.3154,331.0243,6164.3096,11.344553,27.53412
coloma,8.177603,950.2854,965.6771,41.611694,545.9373,1424.8102,328.59283,6175.1436,11.314101,27.308489
coloma,8.00241,947.1499,967.33875,40.65419,531.4136,1420.1499,326.8634,6182.6646,11.096323,27.250175
coloma,9.493218,986.21216,974.1666,49.412643,671.4026,1484.6157,341.24597,6221.6797,13.252464,27.773054
coloma,9.7057295,996.3034,974.27545,49.562416,669.0807,1508.7699,340.34726,6219.3174,12.634092,28.048584
coloma,9.560036,999.49347,978.1037,48.746754,658.12415,1504.462,339.62476,6223.1895,12.419924,28.076675
coloma,10.972102,1074.035,988.1175,53.69756,730.1846,1652.0914,344.1464,6197.3413,10.881067,29.31694
coloma,11.270401,1090.8243,991.24963,54.751453,746.4014,1683.5652,345.04242,6187.366,10.571397,29.59339
coloma,10.938199,1079.3809,990.19995,53.31806,724.426,1661.5602,343.46075,6195.794,10.60259,29.392595
coloma,10.859694,1145.4396,993.0743,49.03998,646.4953,1790.86,331.30856,6083.8687,7.1653585,30.293371
coloma,10.757559,1136.7948,990.9359,48.775776,642.12933,1775.8783,330.98856,6087.6426,7.3181553,30.156763
coloma,10.926679,1179.4279,1007.256,48.85363,652.00934,1821.0674,332.1139,6065.9365,6.6542034,30.77925
coloma,9.707404,1002.1237,991.14905,50.0304,690.14435,1520.9667,344.07254,6256.644,12.880307,28.077036
coloma,9.731881,1002.4084,991.27014,50.147976,691.9315,1522.3181,344.18115,6257.1157,12.899668,28.082294
coloma,9.66952,1001.40826,991.2562,49.823402,686.65936,1519.9397,343.71597,6257.5156,12.842008,28.05842
coloma,9.732508,1006.9014,989.27606,50.224155,689.598,1517.8506,343.16046,6243.179,12.85994,28.159466
coloma,9.5383,983.73,982.3695,49.689114,679.8642,1488.4128,342.1779,6251.2686,13.474911,27.761065
coloma,9.663183,992.98346,984.09265,50.054,685.2575,1505.3788,342.35138,6242.835,13.182192,27.912619
coloma,8.153826,914.966,971.0169,43.0798,578.6771,1365.0824,333.8279,6294.075,13.969956,26.77578
coloma,8.055119,902.21155,966.9127,42.801796,573.9543,1349.3398,333.37247,6298.2847,14.317364,26.572601
coloma,8.053931,902.9763,967.34204,42.765404,573.4517,1351.2611,333.27075,6298.6436,14.261558,26.58281
coloma,9.339999,995.8954,980.218,47.031067,629.90137,1513.1865,335.89322,6223.392,11.802354,27.982681
coloma,9.33562,991.9537,979.0228,47.13542,631.6515,1507.0236,336.1297,6225.374,11.97384,27.925737
coloma,9.1833315,989.8289,979.8421,46.34707,619.61865,1502.2434,334.98947,6227.5664,11.8158655,27.878794
coloma,6.0831623,770.3493,967.3956,38.414032,537.45984,1171.7722,339.0505,6243.7417,17.728376,23.89826
coloma,3.3239868,469.14307,914.7493,26.869375,387.2086,659.6234,336.69815,6626.7754,28.956936,19.255947
coloma,3.4644759,482.40497,922.4688,27.721067,400.9061,683.44214,338.213,6623.3403,28.662615,19.48029
coloma,3.7212572,478.58997,914.4011,30.318472,446.5675,674.8079,345.76233,6592.5107,29.620266,19.433044
coloma,3.4851816,465.10257,902.90936,28.503143,414.0906,651.4763,340.79553,6583.8975,29.512693,19.246544
coloma,4.3406367,522.84784,907.70215,33.70538,485.57675,744.27844,347.05652,6503.7295,28.638481,20.196556
coloma,4.007016,493.82364,910.9673,32.2356,475.22815,700.9015,347.73834,6539.2773,29.420465,19.735104
coloma,3.9642065,492.86807,911.6665,31.985804,471.27368,698.40076,347.4905,6545.7974,29.441761,19.691723
coloma,3.8377435,477.38687,908.5168,31.282106,462.2572,674.61096,347.38696,6557.261,29.77581,19.466467
coloma,4.0239196,495.9868,912.9592,32.325825,476.44507,705.7453,347.7731,6540.9326,29.397106,19.754093
coloma,3.749582,467.79297,906.39545,30.787113,454.92395,660.6758,347.03204,6563.348,29.97259,19.315237
coloma,3.7859945,474.13422,910.4786,30.837725,455.0893,672.51764,346.52017,6569.2817,29.778809,19.419271
coloma,3.7844617,483.5159,914.4689,30.422977,445.5949,689.2698,344.0664,6573.5312,29.325567,19.570011
coloma,3.34958,438.15274,905.3521,27.808825,409.30685,617.87036,342.219,6620.5146,30.22789,18.862473
coloma,3.5491261,459.00192,908.8617,29.104002,427.23325,649.6722,343.37775,6595.7866,29.859793,19.177774
coloma,4.280899,526.7382,921.70575,33.44175,489.77097,757.7767,347.06357,6514.7637,28.505276,20.235632
coloma,3.955695,494.77173,917.7101,31.560305,463.75845,708.46545,345.911,6560.541,29.234995,19.74898
coloma,3.8843453,488.5319,907.93884,30.722752,441.8477,695.5075,343.05438,6552.2705,29.199484,19.645365
coloma,3.3955271,442.6396,907.6411,28.160395,415.137,624.3852,342.99435,6619.0186,30.197111,18.917698
coloma,3.903234,490.2742,918.64594,31.187956,458.9399,701.6656,345.63498,6571.888,29.299566,19.684021
coloma,3.7929044,480.06766,916.4927,30.525433,449.22424,685.3826,345.02832,6582.941,29.488306,19.525942
coloma,3.8259394,484.03726,916.99756,30.856857,454.11206,690.29517,345.71835,6579.107,29.477324,19.561321
coloma,3.9337344,494.64764,918.9278,31.481833,462.96887,707.1176,346.15994,6568.258,29.25698,19.728006
coloma,3.6839635,469.5932,915.41376,29.934593,441.20233,668.8481,344.86792,6596.56,29.73476,19.350372
coloma,3.4229736,455.71448,916.6552,27.904945,408.35333,648.8383,340.9344,6639.134,29.68245,19.135685
coloma,3.6208029,475.66208,919.9773,29.175034,426.70038,679.01904,342.26126,6609.483,29.304667,19.434622
coloma,3.1770256,423.74738,905.4761,26.559444,391.67136,595.8287,340.57465,6648.871,30.429676,18.625854
coloma,3.4839187,456.38614,914.57,28.493763,418.4541,648.53986,342.42313,6622.1167,29.82014,19.13818
coloma,3.4086292,452.86157,914.0115,27.981348,409.99506,641.91724,341.49832,6631.0054,29.832605,19.063482
coloma,3.4606147,456.72238,915.674,28.275274,414.72754,649.1332,341.86615,6628.6357,29.761549,19.13837
coloma,3.4175036,446.88116,911.4511,28.247408,415.77463,632.8996,342.8497,6621.886,30.105453,18.973587
coloma,4.347777,538.52386,929.4567,33.456013,488.66138,780.8626,346.09174,6511.6772,27.98065,20.436708
coloma,3.8326256,485.8551,920.0077,30.724606,451.5685,696.2092,344.98172,6582.2183,29.36524,19.603857
coloma,3.2196453,445.643,909.26514,26.479815,384.74753,625.7963,337.70255,6644.018,29.65868,18.939047
coloma,3.6150365,488.48648,919.76965,28.841375,418.2045,694.0798,339.90146,6591.383,28.66048,19.608963
coloma,3.7600183,504.84094,924.2795,29.564795,428.21387,721.47614,340.00183,6572.0293,28.180346,19.872444
coloma,3.5000074,471.83664,918.05853,28.299755,412.40292,669.32367,340.48453,6620.172,29.216583,19.349901
coloma,3.6844604,489.48083,924.37506,29.295948,427.12415,699.8735,341.31058,6603.214,28.782703,19.650856
coloma,3.9288056,507.99466,927.27246,30.974806,453.25595,728.425,344.05994,6577.3047,28.587189,19.927866
coloma,3.5458164,478.67242,925.1021,28.394192,414.65753,682.0112,340.46945,6629.8735,28.973291,19.46988
coloma,3.8692532,512.1474,931.77466,30.172068,439.26395,736.9515,341.46628,6581.1885,28.097721,20.001991
coloma,3.8407514,511.93344,932.88184,29.901718,434.80432,737.30084,340.75375,6584.4727,28.012627,19.999208
coloma,3.7802277,496.4096,930.24365,29.878675,437.5468,713.31305,342.7831,6610.47,28.722067,19.770329
coloma,3.602324,477.5785,926.5148,28.96127,424.6893,682.61,342.46393,6635.037,29.239464,19.4531
coloma,3.6189494,483.40485,930.6931,28.83512,422.03598,693.52795,341.45853,6632.828,28.949512,19.555264
coloma,3.5467777,486.53293,933.48096,27.9525,406.53125,699.6376,338.4255,6633.4727,28.455719,19.615747
coloma,3.4922817,470.91534,928.2443,27.954805,409.38907,673.94965,340.17682,6650.273,29.152464,19.374128
coloma,3.1490703,435.75793,919.2763,25.9083,379.3947,617.818,338.14206,6697.1436,29.902266,18.811066
coloma,3.204794,445.26688,924.9165,26.04703,380.65308,634.6723,337.42288,6691.043,29.564651,18.971102
coloma,3.3073523,459.3566,927.3152,26.682644,388.84485,655.619,337.80872,6670.8003,29.2118,19.178783
coloma,3.4594355,474.74188,920.29956,27.100763,385.82053,677.7483,335.52444,6622.0503,28.638811,19.412964
coloma,3.357447,460.88446,929.44086,26.943924,393.78815,660.36957,338.34705,6672.3306,29.222803,19.226503
coloma,3.5115676,477.793,932.7582,27.842674,406.26993,687.37366,339.06207,6647.036,28.808771,19.49002
coloma,3.5651636,480.49606,931.9192,28.480246,418.0857,686.8631,341.42712,6651.803,29.000593,19.500732
coloma,3.515118,474.09497,930.58344,28.244562,415.1207,676.6517,341.5291,6659.4565,29.200466,19.395353
coloma,3.6271775,484.47037,934.7566,28.815075,423.96732,694.9236,342.04886,6652.235,28.941608,19.579922
coloma,3.716316,485.31662,931.4995,29.530506,435.0253,698.0119,343.28018,6633.424,29.108765,19.610943
coloma,3.257524,446.0885,926.52,26.540257,390.32382,635.5598,339.28958,6696.4,29.752605,18.977755
coloma,3.8637874,504.81302,935.661,30.435371,446.6442,727.04974,343.95108,6610.596,28.621786,19.874716
coloma,3.6746838,499.50317,939.1244,28.954168,423.59702,717.9061,341.31744,6646.265,28.37293,19.786875
coloma,3.5403812,478.5843,932.9164,28.37559,417.69342,682.6558,341.94925,6667.3086,29.113407,19.461327
coloma,3.9705706,523.5084,941.7663,30.654638,448.93094,758.06586,342.78528,6604.8926,27.847147,20.193817
coloma,3.822872,516.94165,941.8007,29.662827,433.42828,745.7931,340.9907,6622.8267,27.8607,20.06441
coloma,3.7654521,508.07248,941.2549,29.410173,430.94766,732.0891,341.4533,6637.4536,28.186365,19.932442
coloma,4.438244,576.5632,950.19727,32.920025,479.21213,844.41034,343.0605,6534.018,26.228903,20.983603
coloma,3.5457954,473.85886,932.9411,28.364464,418.51566,678.31195,341.975,6665.737,29.245539,19.415848
coloma,3.9442532,512.38904,939.6799,30.760923,453.12344,739.6826,344.38913,6613.943,28.405079,20.015972
coloma,3.6456792,478.77182,912.3289,29.598476,433.44183,673.15027,343.44894,6595.5625,29.364014,19.45244
coloma,4.3047953,536.5641,923.8246,33.536667,491.62802,766.816,347.29608,6520.2334,28.176476,20.369133
coloma,4.167634,524.9154,924.7006,32.709263,480.41,749.34155,346.74548,6543.2627,28.443157,20.181204
coloma,4.4820547,556.106,930.5794,34.244953,501.02988,801.4431,347.04816,6505.9546,27.533998,20.67821
coloma,4.0676827,529.93884,929.4711,31.480772,457.70682,761.72314,342.66513,6543.5654,27.757065,20.263962
coloma,3.8871496,502.78488,925.0406,30.781181,451.34283,718.1793,344.1469,6582.263,28.747309,19.845522
coloma,3.8379793,506.55396,927.50916,30.343464,442.60873,723.6848,342.88794,6585.1836,28.469688,19.876717
coloma,3.2883682,449.5273,918.7251,26.855574,393.38986,636.3489,339.27344,6668.0693,29.657663,19.019331
coloma,3.5886698,483.19913,925.3942,28.60469,417.2561,689.41455,340.29376,6618.821,28.832573,19.546381
coloma,3.5764315,481.006,927.1342,28.494347,416.37906,687.3668,340.3921,6628.7227,28.895273,19.521385
coloma,3.7558908,492.26413,927.1514,29.869154,437.70004,704.6068,342.94992,6605.2256,28.915443,19.681644
coloma,3.5424345,467.15665,921.50836,28.728045,422.4884,664.9327,342.64816,6636.62,29.579544,19.28639
coloma,3.4440904,458.41708,920.966,28.083706,413.16016,651.46045,341.98868,6653.1885,29.724138,19.150303
coloma,3.860154,500.30728,929.90234,30.519379,448.52057,717.30334,344.1075,6600.1763,28.796307,19.812008
coloma,3.7185314,488.25705,929.5935,29.584703,434.94193,699.0499,343.0699,6623.122,29.000465,19.628521
coloma,3.5851183,479.9364,929.96643,28.734339,421.16522,685.9681,341.92932,6642.1235,29.087587,19.479485
coloma,2.7965984,407.2424,918.6599,23.310606,341.4351,571.61334,334.06473,6767.5415,30.201447,18.347298
coloma,2.951546,424.33936,922.4709,24.291773,355.66925,598.6231,335.06717,6738.779,29.851412,18.625658
coloma,3.6425776,490.76135,930.7672,28.751665,418.57803,705.35065,339.92633,6614.119,28.550358,19.676104
coloma,3.478783,476.02368,929.7992,27.69651,403.15262,682.8133,338.64972,6640.578,28.819729,19.45007
coloma,3.5055141,482.5105,931.55347,27.77145,403.41437,692.74274,338.2288,6633.036,28.575033,19.541178
coloma,3.4460552,477.43597,932.0139,27.40219,398.64554,684.0884,337.99588,6646.727,28.692385,19.455244
coloma,3.3587086,477.34653,932.8428,26.64935,385.55164,683.47766,335.66702,6649.406,28.417067,19.438051
coloma,3.297299,467.1692,931.4934,26.371134,382.8905,667.4249,336.25754,6667.212,28.77494,19.28634
coloma,3.6880214,465.45505,901.3845,30.391289,446.7774,653.81036,345.7992,6551.408,29.943684,19.263472
coloma,3.959698,495.82294,910.03375,31.86415,466.9556,702.7813,346.3078,6534.2124,29.286005,19.729654
coloma,4.0969357,506.6153,911.39996,32.750404,480.34955,719.37463,347.37622,6519.546,29.123648,19.898863
coloma,3.9458601,490.87485,909.01746,31.949326,470.18103,693.76874,347.42923,6538.065,29.501507,19.649277
coloma,3.8967714,487.75937,909.12415,31.582361,464.40402,689.41876,346.84134,6545.287,29.511723,19.604038
coloma,3.7776873,482.30765,893.0586,30.742245,446.1584,674.4704,343.1592,6505.7686,29.377989,19.5436
coloma,4.143994,505.74698,898.3175,33.31216,487.32266,711.38226,347.6109,6478.2227,29.209642,19.918247
coloma,4.033586,502.8229,898.07227,32.4042,471.6403,706.35693,345.54694,6486.781,29.076046,19.865044
coloma,4.4790273,547.4402,906.417,34.742622,503.1025,776.81116,346.46942,6434.827,27.89316,20.565725
coloma,3.7821717,480.20972,893.7308,30.917042,450.62457,670.317,344.31586,6511.6978,29.53196,19.504131
coloma,4.227712,523.3339,902.3955,33.428375,485.53802,738.33154,346.01117,6465.2676,28.54059,20.186571
coloma,3.2073734,426.59665,901.5907,27.255854,396.83246,598.4623,343.11307,6632.6704,30.46615,18.615612
coloma,3.6483586,468.41025,893.55524,30.03113,437.9072,652.913,343.54114,6531.2734,29.726961,19.315128
coloma,3.7103362,465.74664,891.32745,30.686668,450.06805,649.2055,345.51517,6521.3755,29.944077,19.29843
coloma,3.4364715,446.54007,887.98706,28.72124,419.19815,619.06244,342.306,6550.584,30.120667,18.984005
coloma,3.2334137,427.97964,884.4901,27.361084,399.16235,590.34,340.6938,6573.756,30.405691,18.685217
coloma,3.3301947,446.94714,887.67346,27.631266,399.25592,619.9577,338.57684,6561.304,29.786983,19.000973
coloma,3.0916467,416.85117,893.29297,26.033123,380.26984,580.0053,338.8097,6629.228,30.396502,18.549715
coloma,3.6135964,475.25592,894.19574,29.40641,424.3201,664.79877,340.3832,6525.2417,29.234564,19.434912
coloma,3.6346576,475.03848,893.319,29.601513,427.68106,664.2049,340.86197,6522.81,29.298378,19.436678
coloma,3.4353755,454.95923,890.7812,28.433023,411.79123,632.9154,340.3468,6550.0747,29.759363,19.102867
coloma,4.089646,512.03143,912.90094,32.46711,474.95474,726.31934,346.3493,6521.164,28.774958,20.00562
coloma,4.0861287,512.63824,901.32874,32.608902,473.83435,720.69116,345.40045,6483.6304,28.770752,20.004784
coloma,4.006981,506.94135,900.20483,32.03939,464.90973,712.133,344.41742,6491.1636,28.799965,19.929314
coloma,4.3725686,539.54034,921.5566,33.984253,496.39557,773.1098,347.53488,6501.2773,28.089464,20.432566
coloma,3.9454367,495.51782,897.0211,31.921698,465.0633,694.2062,345.4088,6499.591,29.250666,19.741968
coloma,4.1363955,514.22784,915.4553,32.781265,480.4896,731.66455,347.1134,6524.3984,28.79096,20.041077
coloma,4.1626954,520.4407,911.9018,32.983376,481.60986,736.73663,346.86685,6507.8525,28.630247,20.11454
coloma,3.7799926,480.04758,907.22546,30.794775,452.48083,675.2604,346.01468,6563.1055,29.58891,19.490805
coloma,4.218556,521.6086,917.56323,33.39556,490.74338,741.56116,348.42975,6523.7256,28.750132,20.131622
coloma,5.409217,610.7829,772.9696,32.045425,380.34814,878.6384,316.8324,5910.5347,22.721321,22.020447
coloma,5.1194057,592.3079,764.8783,30.220343,351.26096,851.13354,311.8807,5926.5874,22.73165,21.639921
coloma,5.491924,619.757,775.27094,32.20784,381.64853,893.8752,316.2734,5904.1963,22.290178,22.149778
coloma,4.836253,561.54016,759.4277,29.171421,337.31247,804.3439,311.00693,5961.241,23.826006,21.1811
coloma,5.4202156,606.78033,773.9006,32.318756,385.4968,871.53314,317.98676,5927.5024,23.104162,21.96763
coloma,5.0779037,578.6799,770.05927,30.7808,366.322,828.0893,316.29276,5962.235,23.90124,21.547424
coloma,4.838897,557.3382,760.0512,29.396635,341.29105,797.0001,312.45093,5972.214,24.233068,21.135857
coloma,5.3073874,593.61615,772.0637,32.018036,382.09784,849.95825,318.43478,5944.438,23.73434,21.767502
coloma,4.620324,525.54443,772.17395,29.973904,348.1166,749.1071,317.98938,6018.7163,26.009666,20.562666
coloma,5.2254734,594.95764,772.602,31.30407,372.9621,851.92993,316.6543,5946.189,23.362247,21.771664
coloma,4.793389,563.79364,761.1643,28.783604,334.14227,805.8047,310.5224,5963.196,23.66247,21.206936
coloma,4.968673,578.43756,761.9715,29.51149,341.22128,829.7849,310.44986,5946.0337,23.115602,21.397644
coloma,4.361713,556.3579,769.4249,25.819016,300.09268,801.62933,303.25522,5984.7324,22.28708,21.18595
coloma,4.3597,498.456,767.01685,28.759972,333.30698,707.84033,316.8291,6039.2593,26.827133,20.170557
coloma,5.187186,594.7412,772.7716,30.839691,365.80048,855.9869,314.43805,5940.84,22.968136,21.801664
coloma,4.647564,543.3136,764.14465,28.80513,341.56998,773.1395,313.98325,6002.4443,24.898367,21.005726
coloma,4.777942,562.0937,766.387,29.126097,344.98758,801.68195,313.33838,5973.905,24.061403,21.265238
coloma,5.288319,595.9217,771.4974,31.746426,378.57477,855.0899,317.16003,5936.927,23.382147,21.815868
coloma,4.902552,564.38116,767.0935,30.087599,358.10245,804.66644,315.95557,5977.651,24.373917,21.32126
coloma,5.135971,589.3415,770.7917,30.901503,367.69534,843.7204,316.00684,5946.162,23.403696,21.691153
coloma,4.8182135,560.0663,767.0354,29.619755,352.23798,798.26495,315.2449,5985.6343,24.376951,21.249542
coloma,5.205192,595.5564,771.14417,30.971855,366.87128,856.97217,314.605,5927.552,22.973207,21.809744
coloma,4.9663973,579.4225,769.1012,29.717682,351.14795,832.50604,312.49945,5947.8057,23.235537,21.56509
coloma,4.945839,574.4891,761.7887,29.516289,342.9539,824.9568,310.85278,5936.6055,23.285236,21.394258
coloma,4.7496877,565.2605,768.12634,28.562168,337.2245,810.68726,310.78333,5976.255,23.45448,21.347116
coloma,4.7272496,572.7916,761.52704,28.008179,323.92987,821.776,307.70175,5935.4106,22.641142,21.348381
coloma,4.1284695,512.11163,758.42346,25.944048,305.81107,723.6506,308.79593,6042.3877,25.23031,20.482475
coloma,4.9242043,571.8136,766.7381,29.905996,355.13193,817.1155,314.53613,5959.808,23.84211,21.432533
coloma,4.74565,557.7866,764.7291,29.106913,344.88968,794.5658,313.69968,5976.148,24.267017,21.204704
coloma,4.9952946,577.7587,767.79956,30.193417,358.3442,826.4462,314.72342,5950.917,23.665215,21.520123
coloma,4.7814307,559.59937,765.0626,29.268404,347.10486,797.7928,314.0559,5977.7236,24.22502,21.243773
coloma,5.2376895,600.58374,771.3682,31.127636,369.01294,863.41205,315.32507,5926.3564,22.801298,21.874409
coloma,4.879292,581.1068,760.4894,28.702793,329.13474,834.8883,307.8454,5938.308,22.471048,21.399063
coloma,4.656004,547.70416,764.3193,28.818178,342.3419,778.5703,314.32,6004.392,24.66461,21.065845
coloma,4.8738484,571.49426,767.6784,29.485062,349.66458,816.6397,313.76288,5969.523,23.665302,21.421474
coloma,4.5444474,536.47296,762.91565,28.270681,335.14642,762.2616,313.4853,6016.8516,25.001108,20.899046
coloma,4.8496933,568.3785,759.5295,29.076063,336.8247,815.08167,310.62918,5948.184,23.37756,21.294796
coloma,5.0914955,582.3429,768.4016,30.785223,366.04944,833.2853,316.14328,5949.4966,23.67823,21.598255
coloma,4.966537,577.83685,760.71826,29.573408,342.6335,829.4625,310.8926,5940.2656,23.088564,21.419865
coloma,4.9687443,579.74335,769.76404,30.028433,357.3305,828.7117,314.83224,5967.616,23.490784,21.546503
coloma,4.947229,591.57996,764.66364,28.989069,335.16742,850.93085,308.96848,5924.2407,22.058863,21.602243
coloma,5.00961,591.85986,765.3028,29.547287,343.75238,850.5359,310.85507,5927.302,22.365047,21.634884
coloma,4.76136,571.1613,760.2798,28.309025,327.20135,819.30914,308.66623,5938.3086,22.802322,21.330902
coloma,4.4995046,549.89624,756.5442,27.049183,312.00604,785.6293,306.8488,5964.8267,23.38024,20.997002
coloma,5.0015044,610.33374,772.0363,28.378122,324.40747,883.61304,304.94604,5908.488,20.664454,21.836359
coloma,5.3955894,631.03253,779.2908,30.824297,360.7116,914.2752,311.63135,5895.955,21.014051,22.258457
coloma,4.552308,555.5854,760.8415,27.082943,313.3203,795.7827,306.3042,5968.4097,23.195986,21.09784
coloma,4.6454134,565.452,762.0915,27.391022,316.3057,812.0614,305.99338,5952.5806,22.756895,21.246258
coloma,5.0495505,606.5245,770.19464,28.909899,332.92285,877.0477,306.8731,5913.3306,21.2193,21.822996
coloma,5.3288426,626.2402,778.3677,30.490644,356.7949,907.1625,310.93552,5899.332,21.09524,22.206627
coloma,5.1254187,605.75665,773.1111,29.818047,349.08325,873.05865,310.89514,5915.045,21.92992,21.895344
coloma,5.192242,614.859,774.7037,29.937637,349.3805,888.4418,310.33203,5902.6406,21.435234,22.024485
coloma,4.5086,573.3454,773.4378,26.458725,308.0945,822.7219,304.95398,5981.4033,21.95954,21.377241
coloma,5.033245,610.1598,778.63696,29.087162,340.4823,881.1224,309.30884,5936.5474,21.281809,21.960403
coloma,4.899575,599.3991,776.26965,28.490963,333.0779,863.3898,308.6063,5947.414,21.591866,21.785757
coloma,5.68528,648.14264,783.81885,32.27445,380.6366,940.5351,314.0685,5890.5854,20.884834,22.531645
coloma,5.2793927,612.4957,775.9318,30.752325,362.39227,883.48267,312.9257,5917.2573,22.052448,22.023258
coloma,5.3177404,614.154,775.7354,30.991909,365.34055,885.54926,313.47263,5914.126,22.090433,22.043558
coloma,5.544898,625.8445,772.0473,32.279034,378.02286,902.0683,315.50583,5906.768,21.897184,22.128065
coloma,5.2899528,596.1654,771.44617,32.016304,383.21793,851.68207,318.93594,5944.3096,23.596655,21.790447
coloma,5.0792537,575.72345,768.8905,31.239319,373.38736,819.8056,318.7001,5969.7017,24.343964,21.486225
coloma,4.790999,588.91364,775.3929,28.607658,338.552,841.44366,311.768,5981.956,22.333866,21.623362
coloma,4.577922,563.39166,771.00574,27.945015,332.02002,799.8963,312.05652,6014.3486,23.46342,21.246668
coloma,4.9120154,594.5236,777.88196,28.75647,338.3833,857.0139,309.85025,5968.134,21.936506,21.758537
coloma,4.869403,568.56836,768.64215,29.374527,347.74472,813.7967,313.0159,5972.6787,23.768032,21.39185
coloma,5.7316666,649.89136,777.13104,32.593884,380.45215,940.7464,314.50406,5885.3677,20.791498,22.459227
coloma,5.062275,581.7979,768.51605,30.841204,367.7563,829.2046,317.1624,5958.601,23.83822,21.565603
coloma,4.591767,547.64465,760.4053,27.695246,320.23242,784.6861,307.92865,5973.3306,23.8722,20.986595
coloma,4.976882,573.71545,766.7407,30.483522,362.7866,817.46985,316.60287,5962.0337,24.067307,21.447744
coloma,5.074779,598.71686,771.3563,30.146532,355.16147,859.4174,313.45944,5925.3516,22.45562,21.80394
coloma,4.1791673,515.7981,763.7988,25.921906,306.20703,733.56635,308.20566,6062.8657,24.826118,20.586498
coloma,4.5161166,550.4407,769.1935,27.330603,322.34995,787.7706,309.25024,6011.766,23.575808,21.10999
coloma,4.4799037,544.4853,768.80383,27.226965,321.70462,779.2093,309.3007,6022.849,23.83283,21.034658
coloma,4.5826488,539.653,765.5621,28.152658,331.19196,772.8431,311.64612,5999.3936,24.449009,20.982927
coloma,4.67847,549.3095,767.20337,28.527824,335.83057,788.07794,311.7961,5987.441,24.085484,21.131142
coloma,4.8123145,560.1146,769.00867,29.135723,343.36728,805.3941,312.39633,5973.4106,23.766703,21.303066
coloma,5.2354817,593.9674,773.91986,31.187943,371.00824,856.2798,315.38474,5952.9873,23.035784,21.822796
coloma,4.8440914,560.4239,770.2024,29.34766,347.80023,805.56604,312.8504,5994.792,23.987,21.326113
coloma,4.403002,519.93176,756.78925,27.21345,315.54922,741.57324,309.2914,6022.1807,25.114597,20.608791
coloma,5.357235,611.32324,771.133,30.864504,357.60907,884.0103,310.18787,5931.442,21.875288,21.872198
coloma,4.9899025,575.7322,763.68933,29.456171,339.64117,829.91406,308.8792,5956.0015,23.069035,21.378271
coloma,5.005491,574.88715,763.93427,29.671831,343.381,828.3204,309.93372,5955.388,23.233711,21.392208
coloma,4.8162003,576.3163,763.3292,28.135864,323.0739,831.29987,305.4697,5948.036,22.290112,21.358526
coloma,4.6226873,549.27356,760.2814,27.762537,321.54547,789.12244,307.4593,5975.219,23.679047,21.047176
coloma,4.7926335,568.304,762.10724,28.354666,327.4494,818.03815,307.25443,5955.4644,22.900707,21.276085
coloma,5.643923,629.83234,781.76733,32.63413,387.88757,915.2961,315.46396,5911.9253,21.764318,22.342705
coloma,5.283218,597.20374,774.0162,31.315735,371.9033,863.1107,314.67514,5934.118,22.88919,21.876354
coloma,4.6295137,537.467,764.8844,28.68026,339.24738,768.2275,313.00177,6010.176,24.988737,20.961763
coloma,4.6764293,555.91833,766.8244,28.397804,336.05368,796.05334,311.17987,5989.267,23.813364,21.215557
coloma,4.636932,553.7406,767.48517,28.073221,331.61087,794.56396,310.08197,5992.6787,23.721594,21.192678
coloma,4.616676,549.4971,763.426,28.480005,338.29315,781.8045,312.8977,5992.8955,24.306902,21.083538
coloma,4.4050646,527.6417,762.61304,27.301306,322.44434,752.3291,310.44162,6024.48,24.855005,20.787962
coloma,4.8660192,579.53253,765.4697,28.557426,330.30524,836.12494,307.3971,5935.497,22.351744,21.468517
coloma,4.6192436,557.8285,759.6387,27.481838,317.00394,802.1262,306.0063,5950.5767,22.992,21.14237
coloma,4.2296,516.0419,761.2021,26.322495,310.35767,734.17017,308.70837,6041.431,25.02729,20.595676
coloma,4.613383,556.9122,760.7851,27.56004,319.23782,799.67035,306.77173,5957.4194,23.148777,21.140335
coloma,4.785622,576.4944,764.85956,28.022516,322.7563,831.97485,305.8779,5937.3296,22.220428,21.40165
coloma,4.610293,540.5283,764.6502,28.408432,335.40704,773.2216,311.9974,5999.429,24.650734,20.997335
coloma,4.737324,561.7882,760.435,28.293066,327.5997,807.2246,308.06503,5944.5625,23.227016,21.214085
coloma,4.6875005,549.32135,765.59924,28.70979,339.28827,786.45044,312.25302,5988.422,24.311018,21.125647
coloma,4.8760056,574.9924,771.4706,29.076569,343.33987,829.02374,310.88483,5964.943,23.000874,21.523832
coloma,4.4999223,542.2583,757.57654,27.230858,315.2068,775.70654,307.2228,5977.8047,23.843222,20.907278
coloma,4.4002786,532.6875,756.6073,26.732815,308.74377,761.5209,306.34412,5988.8145,24.115763,20.763687
coloma,4.3859086,540.74567,751.8711,26.122774,295.24838,775.2975,301.84537,5971.234,23.125368,20.761992
coloma,4.408219,548.9391,753.28766,25.9374,291.9034,788.4625,300.21082,5963.803,22.524403,20.842318
coloma,4.787172,581.6447,761.18805,27.67649,313.21362,838.83057,302.87866,5939.335,21.65988,21.322138
coloma,4.4796157,557.95355,763.20703,26.504969,305.20276,802.5314,304.0981,5964.879,22.453962,21.131784
coloma,4.612065,564.87524,762.2559,27.194227,312.5386,813.2766,304.9323,5950.05,22.422794,21.217577
coloma,4.6229086,554.6657,769.10266,28.014357,331.37,794.4736,310.47162,6002.548,23.704464,21.188377
coloma,4.8729897,574.29095,764.5137,28.821402,334.2707,827.13574,308.50705,5945.3916,22.824791,21.392843
coloma,4.7777686,565.8707,761.3638,28.371067,327.79184,813.776,307.50995,5948.294,23.053658,21.249138
coloma,4.3101153,513.4198,761.37195,27.030521,318.87292,730.9251,310.6536,6044.2275,25.508888,20.581684
coloma,4.818454,574.8129,763.7731,28.377298,328.1113,828.2732,307.2447,5940.1763,22.538801,21.391787
coloma,4.6575313,560.1778,759.908,27.699724,319.76727,805.23425,306.4426,5949.347,22.997955,21.172716
coloma,4.4992046,551.65967,756.3176,26.716373,305.45984,791.9703,303.71378,5955.134,22.923351,20.98811
coloma,5.1047287,575.27704,770.5426,30.965826,368.19522,826.20886,316.09433,5966.3804,24.008816,21.542305
coloma,4.695151,536.26807,764.8369,29.322266,347.566,764.95416,315.2636,6013.097,25.372936,20.94485
coloma,5.0612903,573.1321,770.2149,30.690792,364.56302,823.3189,315.4609,5967.8384,23.981016,21.510012
coloma,5.551609,623.40027,773.59204,32.305042,379.19827,899.5237,315.2791,5910.528,22.025568,22.117249
coloma,4.6152787,543.02673,764.6486,28.598495,338.6415,771.9022,313.75537,6004.002,24.834383,20.982138
coloma,5.202491,595.6211,772.2597,31.042587,368.4683,854.64655,315.6573,5937.309,23.087955,21.786354
coloma,5.110996,584.4424,768.9298,30.783413,365.15686,837.97565,315.5232,5939.15,23.501575,21.63245
coloma,5.2008753,595.9368,770.69116,30.968699,366.37396,857.00916,314.90234,5922.3115,22.93328,21.80254
coloma,4.735765,553.8309,758.9138,28.73729,333.6355,792.64197,310.89847,5961.56,24.032076,21.106817
coloma,4.662135,562.34,768.233,28.173794,332.52832,803.25385,310.84055,5983.1484,23.516174,21.26044
coloma,5.003174,589.9372,772.707,29.70793,350.8127,847.90656,312.50537,5948.7285,22.676535,21.697037
coloma,4.965131,589.5227,772.92566,29.41259,346.6522,847.8487,311.6856,5948.627,22.532736,21.687939
coloma,5.1897197,598.44617,773.6431,30.849117,366.1146,859.6722,315.02844,5941.6084,22.830458,21.832014
coloma,5.063103,593.8314,766.91406,29.704237,345.13882,854.6589,310.47363,5926.8726,22.325792,21.65716
coloma,5.1547146,596.6725,773.54803,30.61482,362.9449,857.47174,314.43158,5943.3594,22.796032,21.807018
coloma,5.301008,595.3013,773.6578,31.775444,379.14355,854.28326,317.34558,5950.1733,23.464787,21.808653
coloma,5.066862,574.064,770.86316,30.821564,367.1639,821.07117,316.73727,5977.211,24.18965,21.487978
coloma,5.3727765,591.6526,773.43823,32.525047,388.76776,847.92584,319.5806,5954.9263,24.032297,21.76315
coloma,4.6818576,569.57184,771.63513,28.135923,332.0235,814.3272,310.64264,5986.7173,23.100708,21.356918
coloma,4.5672827,574.48627,764.4675,26.64001,304.5979,825.8874,303.6855,5941.9644,21.709452,21.313248
coloma,4.0233917,510.52307,762.3228,25.177544,297.88495,720.5248,307.45807,6070.3633,24.936062,20.441998
coloma,4.8998175,570.2739,769.8764,29.746286,353.33862,814.2827,314.59573,5976.538,23.904179,21.39414
coloma,5.00278,586.6948,765.73047,29.512026,342.4548,842.8242,310.414,5934.632,22.672066,21.548996
coloma,5.2706356,608.527,776.24457,30.949696,365.677,877.798,314.05063,5925.166,22.245823,21.981579
coloma,5.0516667,604.94,769.31915,29.034586,333.1741,872.94574,307.21838,5920.0596,21.366234,21.75953
coloma,4.77811,577.5282,762.67224,28.0047,321.29135,830.054,306.3677,5941.0347,22.326073,21.37161
coloma,5.4301014,647.0635,785.3374,30.484478,352.32483,932.53064,309.07028,5898.284,20.051716,22.419561
coloma,3.8160424,587.62164,913.79285,24.94306,350.84787,838.40564,313.2976,6376.7456,20.243227,21.844545
coloma,3.7907057,583.4847,911.42285,24.938375,350.74475,829.4935,313.57614,6376.525,20.54879,21.757448
coloma,4.0183363,605.41046,914.73047,26.058706,367.0493,866.48206,315.0014,6347.1665,19.818771,22.125713
coloma,3.93501,601.0936,914.68005,25.528059,358.6047,859.31226,313.79944,6353.3906,19.775673,22.045918
coloma,4.0717196,616.0882,917.0558,26.191326,367.7541,883.0766,314.5494,6334.5986,19.288113,22.27481
coloma,3.6673179,560.49475,908.9673,24.667353,349.01828,791.55817,315.23816,6420.7627,21.911129,21.413116
coloma,4.180782,617.8396,919.2725,26.932617,380.38132,888.12244,316.8075,6345.644,19.669333,22.349598
coloma,3.6676433,570.55804,912.8414,24.255693,341.2907,810.767,312.9147,6408.597,20.950647,21.578533
coloma,3.4054656,541.2028,908.9864,22.942894,322.9222,763.47406,311.40805,6452.794,21.961897,21.114536
coloma,3.7186487,574.8289,915.6685,24.43963,344.6656,820.3627,313.2796,6413.7056,20.7679,21.685503
coloma,3.5723004,557.907,913.2352,23.753899,335.0089,792.7155,312.61053,6437.862,21.41902,21.416977
coloma,3.6189904,569.0467,916.6221,23.777405,334.5042,811.637,311.7736,6426.317,20.718252,21.588993
coloma,3.7851062,577.7793,918.56824,24.906582,352.70883,824.7663,314.96713,6425.966,20.9953,21.747492
coloma,3.7145474,570.0763,917.24994,24.567749,347.8836,812.0372,314.5977,6435.8037,21.27312,21.624342
coloma,3.7008188,573.492,920.32556,24.26829,343.04678,820.00183,313.43073,6438.483,20.811932,21.69441
coloma,4.2102294,620.4119,930.4272,26.88728,382.0629,897.90137,317.53015,6391.8447,19.578953,22.478525
coloma,3.9872665,599.4635,926.62885,25.817532,366.39972,862.0923,316.212,6416.866,20.276646,22.12049
coloma,4.292902,632.9972,933.5823,27.144587,384.9169,918.70264,317.29694,6379.033,18.968208,22.673468
coloma,3.867968,591.3088,928.50287,25.030668,354.96436,851.09204,314.7548,6435.3623,20.209295,22.010565
coloma,3.943648,590.8057,925.64276,25.691055,365.83374,848.43585,316.67465,6433.2876,20.75939,22.002289
coloma,3.7925174,575.4811,923.1044,24.995424,355.81195,822.079,316.05542,6453.638,21.311043,21.742046
coloma,3.7143786,566.72,922.7568,24.616821,351.06943,807.57654,315.8863,6471.889,21.644638,21.607141
coloma,4.3260894,619.4583,918.6027,28.276423,403.90833,883.6327,321.28024,6356.3877,20.609262,22.34192
coloma,4.0892367,596.6287,916.2953,27.121344,387.3635,846.6893,320.2819,6391.4185,21.314644,21.982077
coloma,3.8119075,563.0077,908.3083,26.050957,372.90967,788.32623,320.14337,6430.1914,22.849146,21.4172
coloma,4.0194893,578.05096,906.6666,26.902649,382.1325,813.80853,320.84326,6398.084,22.445194,21.62248
coloma,3.9515483,585.10474,913.0593,25.999893,366.863,828.85986,317.74503,6404.406,21.410807,21.74257
coloma,4.148524,604.15344,913.02783,26.874298,377.28912,861.13965,318.16418,6365.0913,20.672789,22.02712
coloma,4.6128445,652.3172,921.8379,28.966736,406.93158,941.8561,319.91217,6310.775,18.914251,22.811544
coloma,4.276718,615.91437,912.92236,27.38101,382.83173,880.6868,318.40985,6345.759,20.285927,22.188099
coloma,4.490791,652.669,916.6014,27.43668,373.85968,948.6466,314.2663,6282.897,17.82201,22.703644
coloma,4.157502,607.1668,909.26544,26.299288,361.75757,874.1256,314.69916,6343.969,19.968462,22.041767
coloma,4.042961,599.34845,904.82837,25.48767,347.66315,861.9984,312.41083,6337.7886,19.892376,21.875319
coloma,4.5643296,659.94403,918.34216,27.759382,378.55344,960.6232,314.7073,6278.259,17.604115,22.83102
coloma,4.304425,624.36273,911.09174,26.8875,369.0275,901.9772,315.00717,6319.8203,19.265507,22.300938
coloma,4.5359364,658.6941,916.17084,27.436918,371.82397,959.7447,313.38223,6268.98,17.410189,22.793186
coloma,4.554964,653.4512,916.428,27.625242,375.77628,954.19543,314.19464,6286.672,17.821598,22.74844
coloma,4.444881,632.1095,913.16223,27.58619,379.17828,917.9318,316.24582,6321.1655,19.185911,22.445898
coloma,4.7793107,662.5798,921.3949,29.339184,406.3208,967.1861,319.43546,6302.2207,18.415558,22.954748
coloma,3.7328987,559.7234,914.11163,25.179302,358.99408,791.8619,317.62985,6450.9126,22.416252,21.455526
coloma,3.519519,535.5178,907.381,24.244078,345.38458,749.8359,316.75528,6475.2515,23.398914,21.03334
coloma,3.6440308,548.7773,912.9177,24.752882,353.2246,774.82666,317.3267,6468.987,22.827389,21.293736
coloma,4.183268,593.7962,911.0092,26.987585,376.4015,852.4558,318.03912,6392.0854,21.412497,21.915155
coloma,4.478774,626.45294,920.2742,28.331497,396.1585,907.903,319.5199,6366.4395,20.14945,22.47292
coloma,4.1483526,593.6086,911.9918,26.671375,371.08945,853.2274,317.01105,6394.338,21.216303,21.91247
coloma,4.152512,597.65656,921.8662,27.357298,391.7258,854.562,320.88022,6413.382,21.458506,22.091644
coloma,3.6434274,540.76526,912.8097,24.999517,358.85217,761.4247,319.13715,6494.1816,23.57641,21.19319
coloma,4.0860906,589.13904,920.56165,27.08302,388.21094,840.7259,320.83524,6425.4673,21.833008,21.965364
coloma,4.625087,631.27325,925.1937,29.421265,416.65698,915.88196,322.8855,6384.6484,20.556097,22.61894
coloma,4.5509343,625.3221,921.86115,28.877853,406.1864,907.8286,321.08667,6384.879,20.566965,22.502357
coloma,4.1868362,591.2877,911.94385,26.978289,376.629,851.33594,317.85083,6406.8467,21.552326,21.909092
coloma,4.1374164,601.93335,926.6472,26.902927,384.29794,866.5263,319.20175,6420.761,20.887102,22.202347
coloma,3.9406235,579.74506,921.8918,26.1171,373.46048,827.56036,318.9622,6446.793,21.840292,21.828142
coloma,4.0798454,594.36584,924.94214,26.701637,381.72235,853.4459,319.27524,6429.601,21.251493,22.081436
coloma,4.3069983,625.1019,932.08606,27.426266,390.01532,907.4341,318.55057,6391.386,19.692787,22.590834
coloma,4.0880466,589.75934,920.0039,26.50438,373.01523,848.524,317.72034,6427.079,21.397446,21.959072
coloma,4.401212,619.67706,926.9416,27.953583,394.70297,900.81085,319.6152,6399.2446,20.36656,22.480335
