B,Mg,P,S,K,Ca,Mn,Fe,Cu,Zn
45.88107873217956,390.991448382777,807.96,299.0382008560193,574.62,859.11,148.69,5992.9,28.0,15.43
46.53916811293506,491.76,889.15,250.98663728292945,707.79,844.07,266.1,7576.03,23.0,19.94
53.17197653927008,322.18,1039.74,325.4863416757332,760.43,751.79,275.44,7326.52,30.0,22.47
49.591418954497556,514.06,958.12,275.2522844055371,708.97,770.85,264.32,7580.27,27.0,20.07
42.720431734786914,677.3,818.44,253.22161056566853,606.48,1019.33,190.94,6252.12,26.0,19.44
39.12986054286395,342.8,845.5,257.3047405789632,561.7,789.61,166.62,5275.36,22.0,17.0
43.56299104640773,351.2,913.16,289.2288529102961,568.63,871.8,167.96,5742.07,26.0,16.92
43.909295462936115,517.37,1013.12,257.13311136599566,663.09,872.15,271.31,6849.13,24.0,23.78
45.76135569416128,122.61,749.03,315.3104559519055,589.08,657.54,230.16,5714.34,26.0,19.38
40.988214704159915,118.96,1039.31,210.0,707.2,739.21,231.59,6385.83,25.0,19.81
36.370340476233025,362.26,874.31,269.9496449906238,359.18,806.78,125.17,4132.95,25.0,13.32
45.04727714121108,194.17,841.14,300.7026855124059,641.08,742.98,175.92,5754.54,25.0,17.16
49.066390338027446,251.61,846.37,305.7226027405235,835.25,774.3,172.74,6187.62,26.0,17.95
38.56119525397058,413.7,940.66,240.74710711822803,521.91,775.18,175.01,6027.88,21.0,17.98
44.07925733364529,54.63,808.83,310.2834792351801,541.87,698.77,178.33,5865.16,24.0,17.14
48.75518254819184,109.36,903.56,329.6865762562748,670.46,734.73,170.15,6344.14,27.0,17.95
44.63984764756023,391.76,852.05,294.0334810268112,550.19,745.72,149.72,5668.12,28.0,15.62
42.2769552759184,133.14,860.34,294.7580591183245,532.14,643.57,147.63,5351.07,24.0,14.94
44.42377488866377,191.47,800.98,291.80125088936245,621.81,698.86,143.6,5908.67,24.0,15.13
41.688492743590956,339.66,781.34,276.94347925920005,503.05,763.58,174.59,5401.22,25.0,15.27
45.78353577723958,127.88,888.28,318.6677128723576,549.7,710.46,177.13,5488.01,27.0,14.79
44.631866728826694,247.96,767.37,285.4675382088172,623.56,766.24,176.4,6015.4,24.0,15.55
47.1203824331089,348.98,750.78,285.90480420158417,596.03,844.52,292.37,7306.62,25.0,21.77
47.44138142097981,164.34,855.1,298.7294542945412,610.81,752.22,289.84,7117.29,24.0,20.79
52.101029120904784,252.77,770.86,315.23778287571787,674.05,821.37,291.69,7931.51,27.0,21.37
44.030195929601305,652.66,888.28,226.8250514994548,777.4,763.46,392.57,6631.98,23.0,26.99
49.306466748019204,285.98,996.97,293.8595373897745,752.89,689.04,400.75,6661.66,26.0,25.2
53.42303828792804,480.29,968.16,309.2456553720455,793.06,727.11,385.25,7123.29,31.0,25.91
39.76865914546488,600.16,840.26,260.88458757676665,464.56,951.99,127.1,4994.33,27.0,13.9
41.38418108440493,352.34,850.3,284.42642094050103,497.58,857.49,126.95,5033.87,26.0,13.4
48.37905126456717,357.89,806.22,367.0,539.74,922.64,124.65,5505.48,26.0,13.13
40.41790834901791,419.87,804.03,265.408937017971,515.05,780.6,121.56,5051.98,25.0,12.91
39.990408802087686,208.52,786.14,270.52412943495733,529.51,703.99,124.32,5216.4,22.0,13.13
43.25512324656437,238.36,830.66,290.2809908683797,538.74,740.49,119.71,5576.26,25.0,12.64
49.67309556132666,745.59,998.71,239.30727979625487,773.41,979.43,334.24,8763.05,25.0,24.04
53.148961049720484,389.61,894.39,277.6227059101533,877.96,861.91,330.23,8656.71,24.0,22.61
54.16933169524884,512.21,928.0,279.08358120884475,768.97,911.85,327.07,9602.03,26.0,23.44
41.53049506616881,568.84,768.24,261.100735283373,564.41,861.41,144.8,5622.18,26.0,17.06
39.5973511133767,301.18,846.81,265.0610195947899,555.73,763.14,141.79,5594.85,22.0,17.67
48.12592769010993,328.22,855.1,289.21805463507127,879.46,816.55,137.74,6121.36,25.0,16.41
51.632734925038946,588.96,854.67,306.29696637591144,706.41,890.68,290.73,6825.35,32.0,21.92
46.24104455883122,401.5,838.08,267.04574887859286,653.83,779.05,297.23,7043.61,24.0,20.95
48.684747030936734,441.49,969.9,264.8051680710984,800.17,809.84,287.32,7456.93,24.0,21.1
36.03428679960207,432.23,739.43,231.17921105641545,529.42,780.92,188.77,5177.73,20.0,18.94
40.37121512433481,99.71,726.77,287.98683955448536,495.16,699.39,188.95,5352.57,22.0,17.58
41.60324084771676,128.29,617.65,275.2206996060615,633.38,751.65,185.33,5835.43,20.0,18.06
50.37137105284383,647.63,942.4,261.50230944328825,733.98,924.89,310.1,7998.74,27.0,20.74
50.705964723221214,334.82,780.03,294.6241196193674,568.49,840.73,295.44,8465.19,26.0,19.74
55.039431542138644,469.93,813.2,301.23669498524794,733.9,844.1,306.77,8685.51,29.0,20.61
43.77968652179001,789.13,811.45,238.8102706544591,597.11,1047.54,233.43,6998.77,26.0,20.06
41.069930805057865,538.49,872.13,232.4553424144712,479.82,965.61,230.5,7645.65,21.0,19.57
52.85306425544168,694.56,909.67,245.34746364498022,1098.65,1043.31,237.09,8308.73,24.0,20.52
46.66162061540446,652.76,959.86,249.11212366982812,684.68,1036.39,334.6,7533.4,25.0,23.02
38.75,541.13,910.54,221.0140842677655,791.95,978.03,328.8,8274.46,26.0,22.24
50.48511293832756,516.7,1055.02,266.0772681207555,718.3,933.71,336.77,8611.37,25.0,22.6
42.923291572486974,947.88,893.66,207.57441582273418,813.7,963.9,315.16,6469.25,24.67,25.75
44.49485319433957,743.94,931.05,230.78291091748326,703.62,933.42,324.51,7523.01,24.0,26.29
47.375517162597575,628.67,918.83,262.10930232484384,773.41,906.81,307.92,7289.38,26.0,26.22
117.4,784.18,1013.55,505.96478360150326,974.92,1025.92,345.87,7087.84,23.0,26.93
47.4534084543732,562.83,975.14,268.74459546247243,657.01,914.91,350.1,7725.97,26.0,26.54
91.06,514.44,924.51,416.64661165678683,1419.95,925.17,338.33,7824.35,27.0,26.02
40.24298200277602,695.47,890.9,245.07319030414806,628.63,821.75,266.73,5361.59,26.0,25.19
44.65900800834248,434.15,778.28,295.0603061958745,532.72,763.1,272.25,6198.13,28.0,24.57
42.39453061116511,369.89,848.56,284.6751315122387,401.85,766.26,322.29,6383.61,26.0,24.63
40.236728865130004,733.77,884.35,219.61476367768415,684.37,848.41,277.41,6153.92,23.0,24.81
49.14672140070495,565.75,836.33,296.9724179926305,626.05,834.42,282.44,7271.42,30.0,24.78
42.20056357816708,459.62,897.01,242.83029636549992,506.36,876.87,347.02,7829.4,21.0,25.97
44.88326520636862,586.22,1005.26,280.87392239431165,670.68,864.37,257.73,5483.04,29.0,22.41
48.63984192613157,386.72,965.54,317.5460014026674,596.71,849.51,266.74,6591.02,30.0,22.79
46.61450059005186,432.92,863.83,291.3534549842753,517.95,941.69,330.11,7227.84,27.0,24.19
40.329825910032355,677.9,811.02,244.2566579902529,565.82,914.14,201.99,5230.24,26.0,17.78
44.12739691597203,434.74,706.26,288.3589582334358,490.29,891.32,200.48,6289.37,27.0,18.67
39.858066900008424,273.98,811.45,273.0201099252221,344.97,870.62,222.5,6060.42,23.0,16.66
41.65465953112634,691.17,776.97,251.457691195022,596.07,954.5,189.77,5230.21,27.0,16.92
43.79387319092929,449.5,763.44,277.97541834542926,504.49,921.37,197.12,6367.78,26.0,17.21
41.68719325357017,232.68,694.47,294.3419329657749,331.79,876.92,212.3,5977.22,25.0,16.01
45.75665653199201,695.19,745.98,247.23034354598673,827.73,831.87,274.91,6119.4,26.0,22.69
44.604342671968126,516.09,701.67,259.1712281534815,560.52,803.75,285.13,7269.88,24.5,22.7
44.46211056441514,417.71,848.56,276.78290379203366,406.09,786.77,320.64,7129.97,26.0,21.62
47.960887608504166,1064.81,879.98,240.18649571277183,735.03,1110.07,361.19,7718.29,30.0,29.31
50.435062955122646,788.12,904.43,248.8843002484636,651.48,1103.82,376.44,9751.96,26.0,27.67
52.3224372330351,789.13,869.07,266.8921778306811,503.49,1109.74,441.55,10056.16,29.0,27.45
42.532211266553944,430.22,782.64,268.3035888868471,594.24,811.45,219.15,5524.23,25.0,17.96
46.578324860127395,355.26,756.02,301.31518460471176,488.62,760.96,222.99,6659.24,28.0,18.24
41.644448844274066,229.96,693.16,277.78693850646715,303.65,784.74,256.15,6838.21,23.0,17.4
44.55953738920488,885.19,768.24,214.81151166568822,733.52,1004.9,308.49,7646.83,24.0,25.0
42.0508442113551,821.98,793.12,210.85518001338102,641.42,890.36,270.19,7396.96,23.0,23.67
37.83867875240678,674.37,1048.91,213.64133633693967,311.04,884.25,321.0,7394.19,22.0,22.85
47.937559195942484,393.27,755.15,294.71508773262235,557.17,850.23,235.6,7365.88,27.0,19.43
115.17,387.79,727.65,549.4928133808112,733.16,801.5,214.61,7642.52,26.0,18.85
47.484567405972,340.49,888.71,314.64716711197445,291.64,768.85,247.73,7438.97,30.0,17.49
51.192711952129685,460.26,799.23,310.9642179014512,626.38,1015.95,372.87,7161.51,30.0,23.47
49.06246515429281,472.77,858.16,299.267282382452,588.61,915.34,334.44,7117.76,29.0,23.29
69.24599348702357,355.94,752.09,318.9291215384486,1880.61,917.5,391.2,7082.38,28.0,21.44
50.78457252466724,383.13,1339.62,326.99761956871447,542.79,828.3,229.52,7175.86,32.0,18.93
52.20796514101423,963.57,1222.64,255.41492597008937,815.09,1093.82,585.88,8928.42,30.0,39.65
62.973834948245056,738.5,226.87,297.3867509911103,1265.08,1011.7,674.29,8396.81,31.0,38.06
38.577012271661104,725.67,846.81,256.35677635670015,623.45,1338.83,422.09,7076.99,23.0,45.3
44.145583887813615,1070.2,813.64,275.31114987553644,702.91,1410.1,440.62,8172.89,30.0,52.46
45.955778370648034,727.42,760.38,277.5020679312392,910.15,1325.36,495.57,7738.6,25.0,49.31
41.52846711523402,235.0,824.99,299.00203822508036,438.42,877.48,163.59,5771.09,25.0,18.11
41.43780815982613,397.31,983.43,278.6586182969542,439.76,857.39,167.24,6564.19,25.0,20.08
46.96706149194796,363.9,740.74,307.23758992340277,614.79,840.47,186.0,6332.21,28.0,19.56
48.55757323204098,322.09,928.44,309.0572370069206,537.18,1074.7,356.97,7426.08,27.0,23.7
48.099416114603926,680.88,796.18,264.85684714620066,600.92,1097.21,373.57,8441.71,26.5,27.78
51.95898228000168,546.13,797.92,278.3138207140707,659.43,1153.04,441.8,9030.87,26.0,26.5
54.80942861959922,1060.05,41.62,267.4314929338344,738.76,1400.25,589.63,9477.76,31.0,37.8
49.56503152152656,1485.94,1159.34,174.093989746089,836.55,1462.6,610.55,11015.62,26.0,43.48
55.239582833045006,1403.82,199.89,200.84304222833237,884.15,1463.04,719.02,10835.64,28.0,41.74
47.8225202330098,520.79,763.44,278.8718113203966,593.45,934.3,360.24,7309.47,27.0,23.87
52.7421092189347,766.23,883.48,290.7491999857805,662.07,994.85,376.61,8387.49,32.0,27.81
48.474961004392995,675.47,887.84,254.9268935888643,624.03,995.81,451.2,8406.11,26.0,28.68
48.25237340970902,456.74,935.42,284.4209999445275,519.06,926.73,397.24,7732.08,27.0,24.12
50.60924817603944,637.22,919.27,268.83628764392137,589.68,971.9,408.76,9201.6,27.0,27.43
53.70476304041496,531.14,921.45,299.5957255041037,469.94,992.87,494.9,9329.99,30.0,26.39
44.9900569227363,606.88,861.21,181.0,639.43,1168.39,429.37,8463.83,27.0,24.3
50.467459161124026,914.54,764.75,238.86771674076982,635.4,1179.06,439.14,9517.67,27.0,28.05
83.04358850171279,665.76,769.99,277.0,2726.35,1187.17,524.49,9608.67,25.0,26.02
43.679161077910194,317.24,778.28,232.0,475.7,947.3,389.06,7326.43,28.0,23.42
54.3774362541657,504.93,886.97,350.0,517.02,988.64,391.5,8520.9,30.0,26.58
56.73416604641979,463.71,816.26,179.0,1447.78,982.75,474.47,8650.37,27.0,25.95
64.21753097398505,1521.61,303.69,287.0,1080.08,1668.02,749.32,10477.55,32.0,42.75
54.767329011597084,1931.37,1190.34,146.70648434414267,1073.75,1701.08,770.98,11940.64,29.0,49.84
75.89223077949451,1892.25,409.06,288.0,1650.25,1732.8,944.88,12369.65,27.0,48.59
53.72824335205644,706.82,869.94,291.471430843206,684.67,1156.46,436.66,8319.74,31.0,26.07
56.342787856482815,1082.5,844.19,233.0862974657598,997.6,1263.71,490.7,10128.58,28.0,31.97
55.178448734722494,945.56,897.01,214.49819212892413,1045.75,1234.91,566.41,9834.4,24.0,30.43
44.890983283650584,847.2,295.83,178.0,817.95,1181.37,572.04,7007.72,29.0,34.11
53.0740285630051,1230.05,251.09,217.54554613036214,1082.29,1237.18,621.67,8418.52,28.0,40.42
56.140875738859464,1134.82,331.02,236.93202298025972,1059.68,1222.37,717.47,8271.08,30.0,38.95
50.833241399848504,793.53,90.78,262.842563281585,667.98,1020.3,481.56,8357.33,28.0,30.92
53.281989432948635,1224.91,151.85,208.22779727507822,940.74,1061.52,514.2,9904.84,27.0,36.25
52.60187531139117,942.59,256.0,228.59998307830756,846.95,976.86,570.11,9285.89,26.0,34.66
10.014726509287781,665.75,774.79,100.86983200698286,199.64,918.71,273.65,3221.17,5.44,34.98
11.261330137145478,768.03,104.66,92.16085521842804,220.76,845.73,288.87,3722.97,5.32,36.84
10.66,1035.92,260.14,39.03056255601366,581.68,875.56,279.42,3757.6,4.82,35.1
14.503706124299992,488.42,2.82,156.56057817289678,53.08,799.27,293.12,3580.72,9.4,35.45
14.284634887708394,684.07,217.68,136.3262637797001,193.55,816.78,302.54,3756.43,9.49,40.11
15.522554361274489,866.61,367.78,96.68456425781953,343.09,742.54,290.09,3874.31,8.61,34.72
14.19715161636694,502.53,701.46,115.50095142544721,194.23,760.48,331.56,4471.12,4.99,35.12
12.16168163540723,875.79,212.42,67.52532159215431,281.57,712.49,328.8,4180.4,4.78,36.79
15.785319377583367,891.81,412.79,71.42167483003014,511.69,719.61,328.25,4157.23,5.5,36.37
15.691400244913584,437.83,728.08,113.52779860937983,241.16,708.15,292.15,3954.45,5.0,26.74
17.46373718486424,803.81,214.21,79.94988286748406,406.22,763.61,313.03,4424.46,5.74,29.43
5.285348032601094,1234.99,411.14,87.31352807075952,496.07,911.22,320.96,4162.04,6.8,73.77
27.630963565622014,1101.23,427.53,172.0,495.95,989.72,442.22,6007.81,5.91,36.87
20.378065825248743,1234.11,688.85,44.39075068030702,563.16,950.19,465.86,6077.37,7.33,39.49
18.639628091080038,1372.19,775.28,17.39882332678708,604.3,905.7,465.13,5496.4,6.98,37.71
15.732952048048267,967.58,557.32,55.98041889261144,455.74,677.97,348.22,4566.11,5.56,34.78
18.40186913648247,896.65,544.99,57.79524640989534,542.24,671.18,343.42,4362.66,5.44,28.59
15.622366636327188,1067.67,577.91,36.02857237268624,483.7,772.43,328.83,4131.04,5.4,28.34
15.562663223421556,885.98,480.2,48.51519466072952,406.1,623.38,300.82,3769.06,5.05,23.73
13.173286301178681,846.05,492.28,64.74267775787239,421.93,625.24,297.98,3804.8,4.6,34.57
15.082185466368138,853.43,557.01,52.23128791690219,352.53,621.06,319.78,3859.7,5.06,24.78
3.101501361858171,2521.29,640.38,-104.1044387106643,347.87,2800.19,284.64,3651.19,5.5,25.08
22.524311886415816,828.05,683.43,177.0,332.43,593.4,296.46,3787.49,5.59,24.99
35.970814445398986,834.78,680.75,361.0,441.08,612.74,292.97,3739.71,5.72,25.18
12.553707643257905,671.32,564.21,51.27768137610323,264.02,492.46,230.23,3382.37,2.83,18.53
15.520891869266563,804.38,592.03,39.261515870327045,499.11,573.59,232.83,3645.11,2.84,19.06
21.963104996108672,758.03,610.38,179.0,300.48,556.65,243.4,3629.13,2.87,19.27
13.120172652332013,854.24,756.78,52.300130664295494,387.6,597.12,251.39,3825.11,4.37,27.8
14.535195570300576,924.9,769.78,37.84750603963677,386.28,641.65,257.08,4000.37,4.53,22.04
14.468044286322876,876.48,773.24,42.52535814058332,395.88,600.68,249.34,3829.76,4.43,21.99
20.53,1070.15,689.58,74.94919210669273,748.71,2511.46,338.8,5637.97,3.96,26.82
20.84,1078.85,753.91,74.68299006809686,739.14,2435.7,338.88,5614.34,3.97,27.39
148.4952666573958,1239.790755636416,790.94,214.40741450743525,9135.25,11.63,394.0,23.88,24.0,27.0
21.19,1152.62,1133.02,24.83,759.31,2308.48,342.02,6092.35,6.43,27.92
20.37,1141.22,1182.21,27.14,751.71,2306.34,342.37,6099.33,6.46,28.4
21.16,1212.81,1229.95,30.88,780.43,2315.63,349.23,6287.7,6.65,27.84
19.6,1229.0,1016.12,68.89604950592702,653.42,2605.08,201.33,5314.15,3.57,24.22
19.53,1257.57,1029.06,64.67108491369864,632.09,2482.15,202.36,5502.35,3.9,25.07
19.61,1250.62,1038.24,76.33439363511575,640.15,2506.45,201.11,5538.18,3.4,30.69
22.21,1269.44,1109.23,82.25949617990584,695.97,2804.48,261.69,5160.72,4.21,26.91
23.2,1297.23,1194.7,88.21468822082885,689.62,2888.1,263.95,5135.92,4.01,28.41
23.48,1329.54,1278.47,3.32,714.31,2962.79,270.69,5153.39,4.46,27.68
25.2,1595.69,1660.55,50.76,846.51,2998.88,367.72,5733.36,7.69,34.15
28.43,1565.11,1676.18,41.19,879.02,2873.09,366.52,5869.33,6.87,34.84
25.56,1587.82,1727.08,45.95,864.72,3126.81,369.42,5870.26,7.19,34.45
25.79,1515.38,1548.5,44.67,727.79,2887.39,318.67,5795.5,7.15,27.16
30.12,1531.72,1552.6,42.53,812.74,2929.56,316.37,5785.85,6.9,26.9
24.92,1481.64,1547.21,38.75,687.5,2971.01,314.06,5701.52,6.45,26.74
23.88,1414.55,1838.01,89.14,833.72,3040.33,348.45,5555.72,8.61,31.72
24.61,1435.09,1849.47,99.48,869.29,2982.44,352.14,5520.12,9.14,32.4
23.78,1424.12,1874.73,99.19,866.25,3123.24,350.11,5479.07,8.98,31.4
23.33,1581.18,1312.68,14.79,601.62,3304.77,235.22,5251.83,4.97,27.14
22.1,1608.48,1300.22,13.52,634.33,3131.1,230.85,5239.69,4.04,27.61
22.68,1588.21,1321.86,17.61,606.78,3358.38,232.44,5267.49,4.43,27.12
32.41,1960.52,2284.09,106.06,1007.25,3898.69,501.73,7428.19,11.08,41.27
31.52,1922.2,2299.83,107.55,974.46,4195.29,493.59,7360.69,11.31,40.68
31.17,1946.79,2320.02,106.93,991.36,3905.12,497.76,7435.78,10.82,40.65
24.91,1581.12,1988.05,90.35,723.39,3833.65,363.7,5741.51,7.81,38.35
24.06,1581.56,2008.49,84.91,686.47,4097.38,368.94,5712.18,7.35,39.15
27.06,1614.31,2045.46,95.64,738.05,4196.0,368.07,5752.68,8.26,39.01
22.34,1501.58,2090.9,50.51,657.48,3383.39,351.24,5089.92,5.39,36.72
21.55,1560.78,2107.07,57.32,676.8,3437.71,352.27,5085.76,6.01,37.36
21.74,1563.82,2174.38,61.81,682.14,3376.96,360.97,5226.83,6.8,37.52
23.27,1542.6,807.2,21.95,759.1,3331.93,430.26,5869.76,7.74,41.13
21.65,1517.92,876.38,18.72,716.59,3229.01,423.45,5785.02,7.77,40.74
21.83,1510.49,901.95,13.44,710.42,3123.24,428.3,5768.25,7.36,40.21
20.4,1519.15,1030.47,35.73,738.92,3094.65,372.41,5308.49,7.62,40.8
21.62,1566.36,1065.89,27.15,696.38,3038.19,382.31,5436.1,7.6,41.4
20.74,1526.4,1083.62,28.05,676.53,3231.87,378.05,5328.65,7.33,40.86
23.91,1886.67,1549.43,73.68,769.54,3932.99,506.09,6263.14,11.82,67.47
25.15,1892.94,1555.86,77.84,795.55,3877.96,503.75,6333.49,11.95,67.25
24.46,1953.24,1630.31,88.11,811.7,3915.84,516.94,6383.23,12.71,68.59
26.45,1742.86,1485.1,76.22,828.88,3217.58,475.37,6840.89,17.1,42.9
27.57,1757.35,1491.63,70.78,822.49,3264.03,479.41,6909.75,16.65,43.02
27.12,1744.87,1486.72,63.55,816.07,3127.53,476.37,6919.44,16.18,42.39
26.25,1793.16,1612.17,65.18,850.28,3269.75,526.6,6759.92,13.22,50.72
25.44,1732.11,1598.57,66.11,811.32,3247.6,512.97,6545.01,13.22,48.66
26.24,1742.77,1561.57,52.71,838.31,3073.92,507.52,6662.48,12.22,48.11
17.61,1354.26,1407.81,21.46,686.61,984.31,338.97,5248.62,5.52,35.5
18.7,1377.1,1508.85,24.43,711.48,1021.94,356.97,5379.05,6.64,38.0
17.98,1380.82,1522.94,23.64,714.62,1025.26,359.09,5436.12,6.69,37.94
16.9,1439.53,1467.02,19.9,708.67,1062.8,298.76,5135.72,5.71,39.14
16.51,1396.72,1484.25,19.49,704.21,1047.85,297.96,5162.76,5.5,39.66
16.8,1490.53,1503.51,21.44,743.79,1080.01,304.6,5286.09,5.58,39.78
22.61,1942.0,2317.43,115.05,1091.17,3516.32,555.42,6847.11,11.86,50.54
23.97,1974.96,2328.67,111.52,1105.22,3275.47,562.06,6966.18,11.19,50.95
33.8,2024.88,2321.16,115.38,1246.01,3906.55,557.0,6982.57,11.67,51.15
23.29,1770.33,537.48,4.8,731.0,3702.86,335.12,6234.02,6.95,36.21
22.62,1755.59,555.32,6.71,723.26,3801.49,328.91,6147.81,6.42,35.73
22.47,1737.89,564.6,7.8,716.66,3912.27,325.36,6122.05,6.29,35.38
24.66,1994.95,887.64,37.69,854.74,4067.36,484.62,6915.43,6.59,38.59
38.21,2026.33,906.82,41.54,1132.84,4050.92,487.43,7005.92,6.38,39.1
26.74,2017.76,929.99,42.41,910.74,3959.44,490.44,7037.87,6.79,38.65
27.91,2242.36,2309.74,160.41,1259.01,4301.06,561.67,8122.98,14.06,49.8
27.88,2276.23,2316.42,159.92,1242.43,4710.59,564.07,8024.55,14.07,49.66
26.79,2208.1,2322.29,160.86,1212.57,4383.97,559.32,7944.82,14.05,48.97
22.37,1345.39,555.95,24.205147185508494,707.13,1009.02,259.08,5865.67,4.37,29.81
21.37,1368.01,588.85,19.77259122651121,681.3,990.04,260.97,5827.1,4.82,29.61
19.75,1260.2,185.02,25.319865127006565,692.9,977.93,264.93,5657.27,4.98,29.04
18.72,1381.58,275.28,29.416855117378375,602.31,1112.04,198.46,5105.54,4.12,32.04
18.39,1313.38,216.41,27.71491796865665,586.5,1079.91,187.51,4992.23,2.68,30.4
20.15,1389.05,268.38,30.235545269942506,660.97,1117.17,196.96,5132.11,3.85,31.87
14.33,1232.15,259.49,175.0,540.51,1018.29,163.04,4744.59,3.17,26.57
14.59,1255.39,239.89,14.839348710990706,536.78,1023.12,163.17,4768.53,2.64,26.66
16.17,1236.29,230.79,19.02932856915585,597.52,1018.07,162.09,4784.49,2.56,26.25
24.95,1255.81,262.87,42.656002093879906,842.02,1019.42,179.84,4839.54,3.02,27.32
14.71,1237.13,294.04,19.038694043411724,553.75,989.56,182.17,4767.37,3.5,27.58
36.84,1236.08,281.87,99.82752811673414,759.44,1000.23,179.43,4667.24,3.82,27.2
30.09,1227.57,244.08,99.84253807586835,655.22,1057.81,315.17,5423.91,9.45,33.85
20.75,1231.15,250.42,46.36105750577211,622.19,1043.01,315.34,5424.31,5.12,34.34
18.18,1168.68,237.14,43.12168491745565,570.3,984.94,295.65,5129.56,4.88,32.81
15.56,1103.03,296.65,32.49695480887742,583.63,939.69,338.39,5039.5,3.84,34.1
16.14,1094.85,290.39,31.74946766718979,583.62,939.58,339.83,5068.46,3.5,33.09
15.95,1107.48,291.08,30.807577674753915,575.09,925.57,340.54,5033.89,3.73,33.14
20.32,1480.59,728.51,21.81,742.16,3192.56,361.26,5814.99,7.52,37.41
19.25,1453.88,788.42,21.4,691.42,3376.96,358.7,5749.74,7.48,37.0
42.26,1482.42,835.49,19.11,815.66,3152.54,359.02,5791.77,7.0,36.74
22.75,1589.97,954.93,32.99,751.45,3510.61,388.72,6720.93,7.03,34.81
29.1,1524.49,963.43,39.77,757.94,3547.77,376.27,6283.15,7.52,32.64
23.02,1597.57,1025.82,39.75,750.19,3379.1,385.47,6562.84,7.29,33.61
19.37,1488.01,1421.0,72.43,738.8,3543.48,387.69,6007.34,6.49,35.85
18.79,1475.94,1456.57,71.24,733.34,3496.31,384.46,5928.64,6.09,35.32
27.46,1489.56,1485.42,71.81,865.0,3469.87,386.0,5925.79,6.03,35.5
22.19,1514.2,1731.86,70.94,784.43,3396.25,398.12,6267.83,8.82,35.67
20.85,1493.6,1766.55,65.67,689.84,3277.61,396.64,6249.02,8.08,35.47
20.31,1507.13,1797.48,78.79,714.27,3150.4,398.89,6245.9,9.41,35.87
17.49,1545.74,2216.64,70.04,700.7,3382.68,301.86,5442.95,6.53,38.83
17.3,1545.67,2244.36,69.39,685.43,3155.4,304.0,5439.5,6.62,39.06
17.22,1575.51,2257.02,72.03,699.02,3083.22,301.77,5523.53,6.6,39.23
18.41,1532.33,2080.02,61.89,708.46,3086.79,343.12,5541.8,7.45,37.98
17.8,1524.84,2086.0,58.72,710.33,3196.14,343.17,5595.3,7.1,38.44
18.63,1555.53,2112.87,61.67,739.63,3107.52,346.37,5712.3,7.18,38.77
18.4,1536.53,1918.78,62.86,639.03,3239.74,325.01,5536.09,6.27,36.94
17.87,1493.4,1926.44,63.15,634.5,3150.4,324.32,5453.52,5.94,36.94
18.8,1478.96,1951.4,66.95,642.51,3249.03,324.73,5455.08,6.32,37.42
1.15,1462.79,675.48,8.7103034198595,587.29,3053.91,288.97,5331.83,5.5,34.36
0.92,1443.99,725.68,16.792971455327617,597.34,3322.64,286.15,5248.28,5.48,33.78
0.72,1483.46,820.27,6.816831665950346,613.62,3063.2,299.07,5355.64,6.13,35.26
0.6,1562.32,968.66,8.38,597.18,3080.36,287.71,5193.07,4.87,37.93
1.2,1476.86,1001.89,14.96,587.41,3094.65,284.46,5063.72,5.34,38.17
1.26,1591.2,1045.38,15.39,596.0,3007.46,298.65,5336.98,5.43,38.58
0.65,1358.74,1280.03,14.74,587.93,3326.21,306.35,4814.78,5.37,37.27
0.55,1388.58,1312.67,17.55,599.05,2825.92,306.58,4846.49,5.37,37.08
1.17,1366.83,1342.21,20.06,602.49,3219.01,304.51,4797.08,5.39,37.22
0.95,1331.57,1260.31,23.44,601.15,3055.34,358.16,5273.72,6.49,36.83
0.83,1329.43,1277.66,20.65,610.29,3030.33,361.06,5349.31,6.09,36.6
0.87,1377.87,1298.87,24.85,624.89,2988.16,362.42,5409.96,6.78,36.67
3.23,1294.22,1285.31,-44.244738801356974,615.62,1011.36,270.45,5295.89,3.17,30.96
0.62,1282.88,1309.87,-49.2697941673126,589.27,1018.71,271.31,5263.9,3.41,31.72
1.23,1300.65,1315.06,-49.49372711320669,584.5,1004.11,273.64,5307.02,3.51,31.54
0.93,1158.92,1211.35,-44.592766311613104,578.03,920.19,302.62,5133.21,2.86,30.22
1.46,1206.12,1286.59,-47.37318301163556,624.03,985.99,318.57,5438.9,2.97,31.92
3.8,1264.56,1307.55,-42.178251822571454,638.51,991.27,320.33,5470.97,3.39,32.56
1.45,1483.36,1480.45,18.68,609.9,3180.42,351.37,5571.32,4.35,33.65
2.18,1477.36,1503.94,16.82,605.18,3511.32,356.25,5580.26,4.39,33.93
0.95,1474.59,1506.16,18.51,612.69,3461.29,353.24,5502.64,4.32,34.14
19.57,1495.04,540.94,22.09,638.28,3000.31,290.86,5786.23,9.29,36.5
19.81,1522.34,584.29,23.92,644.44,3003.17,295.21,5877.75,9.36,37.06
19.9,1498.53,594.33,22.92,642.56,2991.73,291.98,5890.15,9.41,37.49
20.28,1652.35,636.33,19.63,648.97,3286.91,280.65,5892.6,5.43,36.3
19.47,1703.66,665.4,23.07,609.19,3221.15,283.69,5927.33,5.85,36.13
20.08,1678.95,701.73,32.23,619.63,3383.39,281.89,5770.64,6.6,36.01
22.98,1679.26,733.06,15.08,681.88,3588.51,377.4,6785.57,6.2,37.35
21.52,1631.81,725.65,16.62,640.17,3474.16,372.29,6630.36,5.99,36.83
21.48,1654.24,736.15,16.19,640.72,3487.02,375.23,6730.49,6.07,37.03
23.26,1933.73,1136.91,81.49,855.54,4048.78,499.49,6900.3,10.38,42.17
23.21,1927.71,1126.61,76.07,858.55,3975.88,500.92,6919.3,10.07,42.02
22.25,1950.46,1148.48,83.19,863.2,4110.24,505.02,6955.67,10.75,42.34
18.63,1776.75,846.23,45.91,779.1,3820.07,385.78,5907.84,7.54,40.29
17.56,1800.23,843.42,43.34,776.21,3542.05,392.62,5977.55,7.2,40.29
19.07,1782.68,844.92,46.57,797.97,3742.88,383.15,5919.8,7.38,40.54
14.46,1312.66,330.4,545.48,507.53,3917.27,224.8,5042.6,2.16,29.4
13.94,1319.29,324.33,546.8,535.34,3734.31,227.03,5140.34,2.0,29.72
14.3,1302.19,325.7,545.98,517.45,3812.21,229.37,5039.73,2.0,29.67
15.92,1514.28,461.66,38.34,678.71,3452.72,250.21,5454.84,3.95,32.31
16.33,1527.24,492.73,48.42,697.04,3182.56,253.61,5463.32,4.93,32.89
16.82,1509.32,459.07,43.36,674.39,3226.16,244.78,5411.23,4.19,31.79
21.87,1423.07,434.98,73.44299526238548,714.48,2760.17,244.28,5342.97,3.69,31.98
28.75,1426.84,413.78,98.90176917126543,758.34,2847.36,245.32,5329.39,3.16,31.94
16.0,1431.82,445.45,61.14200139146327,593.96,2933.13,248.44,5334.33,3.9,32.34
11.462214375233108,832.22,146.68,37.748050161515124,183.5,627.64,345.96,4605.23,1.73,29.17
14.630985706628701,603.36,366.2,75.83462690536436,287.32,601.84,336.44,4509.37,2.63,29.82
13.79187745718109,804.22,603.37,51.88145001118792,395.18,619.3,337.81,4119.04,3.16,30.65
13.637204548015816,452.45,228.45,89.32008345224801,424.44,630.95,237.75,3764.79,0.71,29.52
10.734500894352335,628.92,418.12,62.629319606149565,347.21,585.63,235.66,3499.74,1.1,29.0
15.526995926880174,798.62,759.23,48.973695550563974,780.04,569.06,236.67,3468.08,1.9,30.78
25.433667435506432,593.24,15.44,80.11325998241266,901.35,700.93,412.65,4989.41,1.63,29.67
14.059562352578801,848.15,237.77,38.65821493081745,271.75,658.04,442.56,4847.86,2.22,31.42
14.9102728244764,989.32,432.3,21.867769758393976,395.93,611.79,432.25,4928.18,2.67,31.67
21.413737166374695,279.17,814.3145835176251,196.98267990649447,38.25,567.33,349.1,3652.63,14.510849611600824,28.0
8.976976884880086,643.47,223.48,50.79183388593779,141.04,626.72,353.86,3550.91,0.58,28.86
9.267220090265832,688.68,406.58,44.803375285832175,224.47,524.64,348.86,3239.79,1.17,28.99
10.075194518828187,935.63,412.59,55.8770595518278,267.31,889.09,367.88,5226.98,2.38,45.13
8.818154043199955,988.73,518.61,39.06813176350515,297.09,823.83,335.07,4574.33,2.11,41.15
8.775100606026744,1174.73,739.04,20.44,406.84,818.38,343.02,4418.51,2.67,42.61
16.47,1029.02,429.17,23.94450943275224,574.16,767.24,280.64,5882.13,2.72,29.24
15.33,1020.32,451.5,17.48825020475509,560.92,777.4,284.79,6068.56,2.08,29.5
17.19,994.69,477.27,24.494531027399276,628.75,798.0,281.27,6007.99,1.84,29.34
14.59,1062.56,514.57,13.490771548601074,530.48,897.02,291.36,5932.16,1.99,28.97
15.09,1073.13,535.18,11.496451821569693,550.05,867.87,291.8,6040.34,1.9,29.03
15.21,1073.68,581.62,17.010552759027604,528.82,895.5,292.6,5849.33,2.33,29.23
9.1,821.51,494.68,46.74022166268024,454.2,733.4,216.74,4780.62,6.237300652992861,27.95
27.6,848.23,500.49,124.72500700752948,709.59,757.13,215.49,4670.28,10.394211647510808,28.01
9.24,826.68,527.14,46.951674517159574,449.89,724.35,215.45,4697.15,6.061475658289484,28.14
9.98,891.16,692.88,10.156047486968731,515.09,692.52,279.51,4680.46,0.26,29.03
9.42,893.69,715.77,8.314475738006465,490.18,692.99,287.24,4737.08,0.06,29.72
10.67,907.37,726.71,34.649148423712106,595.88,723.47,289.76,4875.47,6.535049262430437,30.32
46.86,863.49,563.67,2.4,566.74,704.78,269.4,4839.29,0.05,26.52
10.23,832.68,547.35,44.94770810897755,459.66,695.42,273.37,4947.85,7.788428370422274,26.51
10.63,803.39,531.88,50.86822250362647,453.46,688.16,267.06,4891.28,8.060788000160338,26.01
15.33,1084.14,743.51,18.67,498.46,926.18,205.13,6335.97,2.63,28.27
25.95,1158.87,749.68,20.82,751.07,951.13,206.59,6461.84,2.61,28.58
20.81,1120.69,737.79,22.25,626.55,933.35,203.46,6383.72,2.69,28.08
82.35,1448.65,870.53,21.0,733.85,1126.62,305.43,6741.53,1.28,34.24
19.97,1438.24,897.35,24.45,641.54,2017.6744628824727,307.36,6827.17,1.51,34.52
18.26,1421.9,885.61,24.14,597.58,2015.9297234739197,301.76,6650.54,1.62,34.11
15.77,1245.08,854.36,9.67,626.07,978.83,327.79,6170.95,0.7,34.09
17.21,1277.03,893.71,18.45,647.44,992.8,336.29,6320.76,1.49,35.04
17.17,1282.92,908.05,21.0,645.11,994.46,338.11,6350.67,1.67,35.21
18.71,1732.22,1886.4,94.09,777.93,3160.7683004423884,365.65,6757.14,5.61,42.45
18.98,1764.12,1915.24,101.4,778.34,3264.3248331070604,369.24,6807.61,6.06,43.29
18.5,1732.47,1901.47,96.33,758.48,3182.1820506628687,367.88,6778.44,5.7,42.96
15.21,1183.06,587.02,5.14,505.18,940.76,259.3,5641.61,1.89,28.41
14.63,1175.76,589.53,1.99,502.63,936.49,259.31,5718.02,1.51,28.72
14.78,1160.52,587.8,7.527298651490611,499.53,928.36,258.61,5663.86,1.38,28.61
28.9,1795.34,466.24,37.48,627.0,2546.3465254012817,337.86,7404.82,8.37,29.95
39.06,1841.2,524.64,43.66,691.4,2527.0388013009915,339.35,7583.27,7.88,29.63
28.94,1864.71,588.0,46.77,633.13,2720.9109135290373,346.58,7528.06,7.97,29.76
35.93,1911.24,917.86,41.07,795.79,2828.951216198696,330.3,8710.4,13.22,34.09
32.82,1839.88,944.7,24.55,632.32,2670.1207469350215,328.13,8311.29,8.32,34.94
26.27,1581.03,1036.7,38.92,538.2,986.42,323.31,6882.75,4.75,34.83
32.37,1448.57,1410.82,65.92,893.24,2098.229269286988,455.87,6765.66,3.92,40.18
24.27,1437.7,1432.98,69.47,676.3,1071.65,460.81,6626.62,4.66,40.59
33.68,1449.4,1430.66,62.56,731.52,1076.55,458.89,6721.08,3.83,40.03
18.42,1422.37,1563.85,41.02,709.79,2279.89,263.88,5799.71,8.2,31.54
19.66,1481.75,1656.34,46.16,774.68,2169.83,277.83,6043.99,8.81,33.07
20.03,1485.2,1677.73,49.36,761.27,2139.81,278.16,6021.38,9.28,32.97
16.95,1585.37,1493.79,31.87,691.76,2577.92,190.44,5625.69,7.58,30.9
18.61,1604.29,1508.54,42.41,707.8,2337.78,189.56,5595.19,8.28,30.85
18.45,1612.06,1528.77,41.35,729.25,2486.44,192.36,5657.59,8.12,31.38
13.59,1449.69,1509.08,17.6,562.92,2724.44,196.82,4743.41,5.28,32.53
13.15,1439.0,1512.93,21.78,546.83,2582.93,195.81,4627.55,5.59,32.52
13.23,1431.76,1508.88,11.0,543.49,2560.06,197.14,4736.58,4.66,32.46
12.93,1197.06,1392.49,1.91,494.15,993.36,206.1,4590.64,3.85,28.66
13.84,1196.15,1416.95,6.25,494.25,1002.58,207.04,4620.57,4.23,28.91
13.78,1200.31,1433.31,9.23,508.15,1001.02,207.82,4629.82,4.42,28.88
17.79,1228.92,508.4,29.588438467225004,629.4,973.22,234.4,5423.69,4.7,30.54
19.64,1248.39,554.15,37.45302588010138,643.34,982.03,235.75,5461.83,5.43,30.75
21.82,1259.71,555.68,44.247002391844504,634.91,990.72,237.83,5455.45,5.1,30.83
20.46,1552.79,533.51,52.8237697788815,604.81,2439.27,223.97,5654.11,6.15,29.17
18.89,1557.12,533.91,48.880101444399585,612.56,2576.49,222.72,5657.26,6.02,28.93
19.29,1564.63,563.89,47.77035703842766,611.75,2434.98,227.3,5686.94,6.41,29.59
17.82,1609.37,557.83,37.82627374761999,641.14,2698.71,249.11,5669.25,6.12,28.45
17.01,1619.42,552.07,32.31502665818989,608.2,2621.52,248.74,5723.5,5.98,28.67
16.62,1619.0,564.49,31.072169623088442,627.93,2635.81,253.29,5716.59,6.15,28.9
15.45,1149.45,512.53,14.2508218874206,605.45,917.76,271.2,5065.09,3.75,26.56
13.99,1172.62,521.39,4.558566296967456,633.76,919.03,271.33,5156.33,3.76,26.81
14.45,1153.87,509.75,6.813636930702771,623.27,909.44,271.39,5106.48,3.28,26.72
14.3,1648.04,750.66,31.7,631.14,3147.54,226.64,5043.0,5.33,33.69
14.51,1683.07,773.02,39.97,673.42,3113.95,230.46,5110.7,5.91,34.09
13.88,1635.98,764.36,38.54,636.0,3336.93,227.54,5051.13,5.7,33.64
15.77,1587.42,854.17,25.64,716.89,2804.48,299.51,5648.88,6.76,36.65
18.6,1610.76,861.51,28.81,735.59,2955.28,299.4,5636.59,7.05,37.03
16.58,1632.1,883.96,30.94,727.88,3048.91,303.85,5784.12,7.3,37.54
17.2,1408.0,801.47,9.94,741.53,2719.43,307.48,5593.71,7.04,30.7
16.33,1454.45,831.95,13.54,738.11,2650.82,317.53,5700.54,7.54,31.8
17.1,1495.24,844.67,14.58,760.3,2468.57,319.81,5727.11,7.65,32.24
14.2,1339.48,610.49,1.7107625818411094,654.98,950.37,193.46,5099.03,4.88,27.69
13.4,1348.1,609.07,-2.8523991063604512,674.46,943.86,192.26,5059.31,4.84,27.9
13.91,1353.7,607.47,-1.0633510348064732,642.49,942.29,192.01,5086.06,4.68,27.77
10.69,1485.18,694.91,-25.7620776102102,637.18,1121.71,277.21,5213.86,5.21,29.69
8.25,1492.66,779.65,6.2,594.37,1092.16,283.47,5116.29,5.81,29.85
8.17,1433.32,761.84,-32.40434215321177,582.25,1075.07,272.25,5045.3,4.65,28.57
11.14,1391.78,828.22,6.65,599.17,1063.61,285.02,5477.69,4.78,28.65
10.42,1387.82,855.78,6.49,581.07,1050.43,287.92,5428.6,4.76,28.97
10.71,1397.21,876.83,7.33,614.48,1069.95,293.55,5563.66,4.99,29.35
8.02,1360.7,1073.99,31.92,592.32,1094.24,291.31,5156.7,4.66,32.17
8.38,1281.38,1057.15,29.35,602.11,1054.86,280.95,5019.68,4.45,31.2
10.69,1363.67,1118.21,33.9,623.16,1105.13,293.81,5175.77,4.94,32.46
8.41,1248.29,981.97,5.1,530.72,1019.24,276.47,4800.01,4.57,30.92
8.26,1272.88,970.28,1.94,535.26,1038.89,278.03,4944.85,4.35,30.8
7.91,1252.29,954.72,-11.679322231995016,526.41,1006.59,276.32,4864.35,4.01,30.34
11.36,1345.37,1203.54,26.82,645.03,1004.64,319.49,5860.11,7.66,33.57
12.77,1354.96,1191.3,15.95,695.93,1025.26,320.89,5995.09,7.21,33.77
18.39,1379.04,1240.49,38.14,806.97,1019.05,322.45,5960.65,8.63,35.12
33.8,1525.12,1614.17,64.09,851.37,3083.22,465.38,6473.88,8.24,37.71
13.73,1523.63,1609.21,64.22,804.52,3171.84,467.41,6506.51,8.28,37.59
13.52,1511.71,1617.83,61.86,789.98,3068.92,467.77,6468.01,8.06,37.7
23.42,1751.29,1919.63,176.28,926.22,3357.365442417046,312.0,9273.93,18.62,33.7
23.9,1789.68,1926.4,178.24,949.73,3435.9027485795386,315.23,9320.47,18.81,34.04
24.53,1783.07,1920.39,174.74,957.36,3400.139836197837,313.26,9329.47,18.78,33.93
106.43,1885.32,973.37,44.59,994.17,1725.465184232934,361.62,10280.64,10.95,26.4
28.36,1884.19,996.56,47.91,881.17,2648.3408678550054,371.17,10493.18,11.44,27.25
29.4,1886.56,1020.05,48.98,908.08,2641.7061699394126,367.78,10544.74,11.42,26.92
42.78,1556.95,861.22,96.43,1238.02,993.43,456.69,8911.88,13.86,30.25
25.57,1495.42,900.84,98.12,879.15,949.94,457.29,8847.94,14.15,30.14
37.54,1529.78,952.48,106.57,1040.39,958.5,458.94,8931.52,14.32,30.19
25.49,1969.1,521.97,15.16,810.99,2990.6843500979767,322.8,8610.0,15.92,38.28
25.24,1962.35,526.82,14.25,804.84,2969.2513361990013,319.88,8592.24,14.73,38.29
25.95,1896.07,548.13,20.96,789.58,2869.8116183049624,314.69,8356.15,14.87,37.81
29.97,2499.34,760.62,107.04,1702.25,4162.9514687031005,348.6,9281.62,18.58,32.81
28.33,2524.83,756.6,100.02,1651.8,4207.644812389752,350.97,9215.63,18.21,32.59
29.62,2508.76,771.22,102.53,1687.9,4165.16123072968,351.77,9232.15,18.28,32.44
19.39,1396.91,618.54,10.02,886.88,882.18,269.79,8099.16,12.35,22.7
25.48,1445.21,663.38,21.05,1129.66,904.33,273.16,8163.31,13.39,23.17
23.24,1401.31,653.64,17.19,900.85,901.77,273.11,8148.61,13.02,23.19
22.86,1434.12,595.82,57.73,820.26,2019.5159320261369,329.22,8246.19,14.63,31.58
22.86,1469.84,598.25,55.36,818.98,2417.12,328.3,8394.24,14.35,31.95
23.89,1458.11,612.6,51.14,829.73,2480.72,325.45,8309.68,13.8,31.88
26.68,1382.81,994.87,177.8,866.05,2352.08,306.8,8720.01,13.75,59.07
24.88,1411.7,968.73,163.96,872.13,1041.77,311.81,8978.37,12.79,59.17
26.4,1426.83,994.45,172.38,882.32,2361.37,307.19,9042.13,13.3,59.58
31.79,1431.18,182.56,85.19,885.4,2847.36,465.97,8289.23,16.21,52.64
29.71,1489.1,319.82,104.75,888.26,2928.84,476.18,8338.98,17.32,53.92
30.19,1514.24,420.32,112.7,931.45,2920.26,492.97,8632.93,17.27,54.19
27.82,1354.2,488.11,82.01,784.29,1046.62,450.2,8192.96,13.61,26.19
30.29,1392.82,583.95,99.98,834.81,2497.16,461.88,8207.41,14.58,26.75
42.95,1417.41,631.78,113.18,1016.74,2466.43,464.1,8215.44,15.62,27.33
28.34,2403.99,459.99,50.04,630.54,4015.18,282.21,8812.49,15.22,20.05
28.36,2392.73,436.35,36.25,630.17,4005.18,281.81,8789.19,13.85,19.62
28.95,2444.73,475.68,43.2,675.83,3989.46,290.36,9039.26,14.66,20.3
31.4,3710.19,657.01,73.35,802.9,6843.97,292.22,9103.32,16.16,21.9
29.41,3701.41,682.68,77.8,735.24,6810.38,291.53,8973.88,16.74,22.05
70.92,3689.2,690.13,76.92,836.01,6742.48,288.9,8992.55,16.19,21.87
30.86,1585.73,968.93,21.14,678.84,1003.97,273.27,9312.52,12.8,26.55
30.08,1572.88,987.3,21.95,680.19,1002.19,274.06,9275.44,12.67,26.38
30.38,1602.72,993.74,23.74,670.57,987.5,274.81,9348.15,12.79,26.67
44.0,1318.07,958.7,47.79,739.76,864.81,382.73,8170.73,12.36,27.56
25.08,1312.07,1012.63,59.91,679.28,846.9,393.3,8074.23,12.86,28.04
24.31,1329.56,992.1,48.92,696.28,859.77,391.27,8193.16,11.9,27.95
34.56,1493.51,1108.93,73.73,1032.25,2673.69,454.7,8664.25,21.08,33.43
25.72,1464.8,1116.0,74.6,915.58,2705.85,453.01,8660.02,21.42,33.6
24.93,1491.3,1130.47,70.87,911.97,2711.57,450.76,8706.82,21.34,33.56
23.96,1749.27,1093.46,90.46,861.06,2974.58,400.92,8173.26,16.43,35.6
22.8,1723.29,1098.2,91.33,836.3,2961.72,400.54,8064.44,16.59,35.27
23.69,1777.74,1116.8,91.02,874.09,2939.56,407.8,8284.03,16.74,35.89
5.0,1855.77,1310.05,-148.44695274838978,852.54,1408.54,402.38,8067.06,2.31,23.7
47.496752139945315,1752.4,1226.18,160.72986303333033,741.85,1377.28,387.98,7711.96,33.0,20.59
45.34324869452685,1616.76,1397.01,163.47140702977538,695.52,1375.83,380.67,7588.07,31.0,21.33
45.80392154840507,810.74,1060.05,253.1909928433982,483.99,856.02,320.38,6242.95,31.0,16.87
44.07509369143996,965.41,683.81,251.98210885348647,274.5,1146.78,367.83,6758.18,32.0,20.01
33.122598510637786,262.15,691.8,191.0,95.19,782.91,325.34,5833.09,25.0,16.27
39.730125722982095,130.06,850.74,308.6766791116777,37.55,757.96,346.22,5547.18,27.0,17.64
40.405479726038735,398.53,880.65,278.68518560818256,164.83,738.71,351.24,5476.41,28.0,17.22
41.58552206477529,153.47,904.78,318.2380579205128,58.19,725.53,348.65,5528.4,29.0,17.03
39.21420605495052,285.81,990.06,281.92883263266566,107.48,722.55,376.06,5208.03,27.0,16.63
42.48642001200007,154.28,968.88,323.72030540008774,97.96,745.21,371.32,5175.93,30.0,16.69
41.07357751089475,209.43,1102.19,307.546586606815,71.76,757.04,383.07,5329.82,29.0,16.95
41.4881367280305,374.88,1190.68,270.62311466805915,218.11,753.77,426.27,5808.74,27.0,18.01
45.795947924391456,205.17,1246.33,331.0555431256755,140.15,766.66,423.99,5855.31,32.0,18.14
43.67607521163487,335.15,1170.8,296.9960476626877,190.02,711.16,421.88,5714.39,30.0,17.91
36.02401928942679,461.05,1200.3,224.63966235744533,196.8,700.02,412.73,5267.09,23.0,16.88
38.886896697065524,318.87,1290.65,266.21568976425397,141.71,715.22,414.71,5367.1,26.0,17.03
33.8509048815782,334.65,1268.78,190.0,101.3,687.06,412.16,5239.36,28.0,16.86
44.72469860416548,279.14,1287.31,316.82909097326535,137.54,648.7,406.64,5742.02,32.0,17.77
38.99669520278816,218.01,1337.84,279.018296382779,80.37,646.66,400.48,5668.79,26.0,17.6
40.43987735289609,185.73,1329.48,292.52282072059654,96.65,668.87,401.54,5742.82,27.0,17.94
39.90207545250249,441.92,1300.35,265.73954747423994,183.38,688.69,393.93,5387.48,28.0,17.68
39.13636442892911,491.32,1287.46,253.58057334541587,206.88,746.97,393.5,5400.89,27.0,17.57
41.246386004737744,299.43,1405.56,292.1429338221671,127.91,721.47,398.47,5511.94,29.0,17.39
45.64040167020234,535.98,1528.52,277.4593523732013,389.85,885.71,432.06,6301.83,30.0,19.9
43.92595669195157,603.7,1475.2,249.045846569403,430.78,760.65,426.45,6186.64,28.0,19.13
45.59354029432858,319.38,1411.4,326.8374056919402,87.72,673.63,415.22,5980.91,34.0,18.83
41.93668200886462,399.04,1455.36,283.9112429969457,128.75,624.67,419.75,5874.88,30.0,18.9
43.70071393380529,614.86,1428.22,264.66328868446806,288.05,635.91,422.36,5966.56,31.0,19.34
43.062114964067376,482.79,1478.75,274.1086049853855,224.31,635.82,422.96,6047.16,30.0,19.11
42.35069431595154,462.7,1481.94,288.7263797294366,172.15,610.99,408.75,5266.94,32.0,18.57
33.087187710159014,437.09,1504.57,211.045922420772,145.4,670.57,414.65,5349.98,21.0,18.62
37.31663018229827,379.84,1492.3,260.1462130625451,78.33,589.42,409.77,5217.15,27.0,18.22
54.74778545410582,774.44,1097.92,253.4324883196815,785.06,664.74,449.3,7700.04,31.0,18.21
50.96754777052108,838.76,1186.31,208.51338893129747,890.94,677.65,441.82,7553.48,26.0,18.63
47.640061098158995,780.28,1289.28,197.99201694849808,739.97,670.5,447.77,7616.91,24.0,18.23
48.87659074385175,896.45,1305.54,224.32258688508745,686.79,858.41,434.31,7060.02,29.0,18.36
47.831467717523864,720.0,1478.87,223.12275304446496,673.14,865.33,445.39,7174.83,26.0,17.29
44.67246673535037,731.42,1447.94,212.72917675225818,611.21,832.3,409.55,6702.85,25.0,16.81
50.87938660724252,738.76,1518.76,226.65618442240003,769.59,746.11,433.62,7692.05,27.0,17.15
46.31630157301146,681.46,1603.11,200.85414880157322,693.25,705.32,436.23,7509.48,23.0,17.0
45.907016416020156,728.27,1665.07,193.98189897608216,682.1,713.27,443.0,7578.21,23.0,17.18
46.88099877552216,739.55,1702.39,223.97163584833294,660.03,1048.83,421.3,7024.63,26.0,16.31
54.57954938047139,717.84,1685.97,241.7731552443724,1086.45,898.86,417.99,6843.12,28.0,16.0
47.27425254623863,748.69,1848.73,219.76169138928833,677.8,761.92,429.55,6903.36,27.0,16.77
48.65865611837167,730.26,1926.33,206.30685765526613,718.43,712.68,468.01,7872.83,25.0,17.25
50.072947755944526,554.34,1833.25,242.26148438071334,641.88,673.69,451.1,7522.41,27.0,15.55
53.48287358374451,690.77,1735.7,269.7408893264504,680.89,849.67,454.92,7419.97,32.0,17.37
51.726266062533654,656.3,1940.22,253.649970574973,656.84,738.43,465.0,7546.54,30.0,17.4
50.26424353651217,842.37,1878.86,222.46709147181463,720.78,745.65,464.72,7483.63,29.0,17.95
47.990710440233926,641.8,1931.55,201.0,712.62,720.96,451.63,7368.12,28.0,16.72
51.041754487107724,615.66,2032.46,245.4275778722057,709.09,798.48,459.09,7522.43,28.0,16.71
48.91329771810443,633.65,2036.51,225.3132147827115,693.93,740.7,463.16,7465.46,26.0,16.57
48.3516335510093,865.6,1803.83,215.86588436699827,635.54,858.55,405.21,7647.43,28.0,15.78
48.47442703650489,863.41,1812.82,222.46974809492662,624.95,827.4,399.37,7442.04,29.0,15.91
48.72241918880209,724.04,1926.71,226.21579571523893,637.2,864.48,400.39,7707.37,27.0,14.75
47.78391623603984,544.19,1936.07,252.7937031379911,592.18,1022.66,405.68,6873.7,27.0,14.28
52.37141621967595,615.64,2035.46,267.37370556340005,677.14,793.25,420.35,7268.32,31.0,15.52
54.20287629295636,739.58,1864.84,213.66343862237193,1259.26,815.04,398.79,6857.03,25.0,14.83
55.31148882084683,1216.89,1895.58,180.75769442098354,1297.02,1242.48,392.31,7994.97,27.0,15.79
48.42158755213649,1132.41,1840.49,200.9886252902972,636.22,1105.02,382.5,7720.48,30.0,14.21
44.36222327366555,993.17,1887.96,179.5086928364695,630.41,1212.72,390.03,7837.33,24.0,15.33
44.58993366849424,1338.14,1910.6,147.51296703267388,647.06,1266.24,400.75,8084.46,26.0,14.57
44.70982111574659,1291.08,1984.46,158.36608903151725,602.39,1244.07,398.1,7883.07,27.0,13.81
38.324310110529865,1309.42,1885.28,102.98160336131386,598.23,1203.89,392.79,7750.03,20.0,13.98
49.52921235125132,595.99,1969.14,247.87062615246157,570.51,811.31,395.0,7692.02,28.0,13.99
46.75528721003151,681.44,1914.18,207.10057651167267,672.3,804.7,386.04,7543.35,24.0,13.57
58.05133431452428,634.48,824.4,268.45721776710064,1027.87,835.74,361.94,7699.81,29.0,14.37
43.47101941828687,589.79,936.86,219.4083399206736,494.04,792.19,355.85,6921.77,23.0,14.41
44.8233862839206,588.64,1060.82,223.1752942599174,524.21,701.87,361.36,7006.09,24.0,14.27
41.656207406704794,576.42,1136.52,193.33911736051746,526.04,672.24,365.23,7093.96,20.0,14.34
43.8499605024155,731.2,1322.65,187.0456545633205,607.52,671.23,418.03,7394.59,22.0,16.67
46.873646718635456,578.81,1324.26,228.91373913137113,593.93,659.96,401.01,7154.87,25.0,15.42
52.954428660907865,881.01,1359.32,197.55072264528616,1148.62,745.99,411.46,7310.22,25.0,16.66
53.328424708879865,585.85,1511.92,266.80289156833396,654.02,704.79,439.97,7811.09,30.0,16.5
48.23692925111217,677.33,1514.64,221.77148055905047,617.34,635.32,443.67,7663.87,26.0,17.22
49.0288951475608,615.82,1627.94,229.38536991630696,628.76,659.73,444.32,7724.78,26.0,16.46
46.69422147898024,661.87,1591.3,219.24137773563461,618.97,617.24,427.97,6840.73,26.0,15.33
48.58222574758469,580.34,1570.92,251.2086931865149,563.29,588.1,423.21,6645.44,29.0,15.16
49.89238696086859,592.33,1608.65,259.63540241405525,594.74,627.88,419.18,6783.19,30.0,15.72
46.29861736534123,568.38,1604.38,225.8905964674027,594.33,612.69,401.49,7032.9,25.0,15.24
48.54938369836205,550.68,1688.65,236.3446440160343,645.57,629.93,407.58,7273.09,26.0,15.1
57.06781021296767,705.57,1745.02,231.83652428991417,1257.01,676.96,412.96,7304.7,27.0,16.12
66.27851970478443,686.82,1780.09,289.8886951146759,1152.42,696.06,451.75,9341.0,34.0,17.09
57.753239050573654,687.94,1811.68,266.8659187461565,723.22,639.81,452.09,9130.2,32.0,17.0
46.011219142116616,690.02,1806.8,209.1863967433295,617.11,650.28,457.95,7240.31,25.0,17.59
47.454122969703846,718.24,1879.89,218.47719517293268,636.22,694.63,463.86,7372.0,26.5,18.32
46.95037139487596,822.21,1895.08,199.77715472110447,667.24,668.9,468.17,7473.69,26.0,18.35
47.18676122568745,855.0,1912.59,197.89684192629744,629.78,600.93,461.36,7705.04,26.67,17.97
47.32928072872515,1074.11,1919.51,174.49197776369513,707.31,635.39,472.39,8001.99,27.0,19.86
48.31897976797276,988.44,1934.22,192.8120451433535,670.24,627.91,463.33,8020.42,28.0,19.25
45.31742626268493,240.07,694.03,312.61889814686543,304.83,570.31,370.95,5329.8,30.0,17.64
41.55742993168022,459.76,797.77,258.99599498353757,335.01,573.76,381.17,5347.1,27.0,17.84
40.80812581114617,426.85,759.3,256.01991973223375,332.03,570.96,370.52,5276.49,26.0,17.33
43.15133863655991,396.89,767.29,276.78035962364595,346.54,599.68,353.47,5406.59,28.0,16.81
44.65330941567713,380.58,795.25,280.6926444980837,419.3,621.36,361.31,5553.94,28.0,17.13
45.75381416760122,401.14,16.4,286.2381918378781,400.04,640.98,379.63,5779.02,28.0,18.52
42.78219291575536,215.9,5.84,293.18620350768344,317.06,557.76,321.74,5273.04,26.0,16.89
44.9337472460366,356.26,26.73,276.9989979004953,460.53,597.15,347.67,5701.92,26.0,17.56
39.46698490168072,408.25,73.16,230.49205725802233,389.31,585.9,356.31,5786.14,21.0,17.65
45.904180025415044,447.52,23.45,287.98798743969024,371.44,646.71,343.7,5889.67,29.0,17.48
41.82707868294683,437.29,51.95,251.61543851169256,378.37,648.7,345.16,5882.34,24.0,17.43
134.1126628689548,1539.6439572987726,781.77,207.0486353540943,7074.11,681.95,329.5,5990.21,28.0,18.94
48.11636493572993,433.81,157.02,296.99564133488144,441.02,644.96,355.61,6047.25,30.0,17.68
47.060450951400796,119.23,47.42,336.90370809558993,275.59,584.31,329.05,5606.65,30.0,16.83
50.22108148771268,324.77,106.6,327.46344613022524,396.62,654.29,360.97,6123.23,32.0,17.89
53.277419817973936,370.89,144.61,336.8165460097999,484.19,637.25,369.62,6340.49,34.0,18.3
51.864660771415046,481.64,16.91,308.72917492740635,568.2,758.28,389.72,6767.96,31.0,21.35
49.74452091934893,377.931793396774,679.19,332.0248321630625,298.03,781.39,391.89,7049.61,33.0,22.6
47.64285468679455,533.05,109.95,274.9441850911628,548.94,718.84,402.74,6304.51,28.0,21.3
47.435791913177965,455.47,65.98,284.7776584364885,506.22,704.32,396.53,6206.7,28.0,20.97
49.730525714475206,613.85,161.44,286.615258263214,579.12,729.55,385.25,6235.11,31.0,20.74
43.467454519113176,364.0,639.04,271.647640657827,400.42,770.51,336.1,6390.23,25.0,18.67
42.928339397210536,625.67,59.4,247.40070138733012,433.52,753.9,322.72,6078.82,26.0,18.38
43.858490828146145,556.11,33.68,258.2671692887092,429.23,767.57,332.27,6281.09,26.0,18.91
43.03445839730631,496.51,846.37,236.70786334167184,674.36,880.16,335.16,6191.71,22.0,19.7
44.434074907060776,562.12,13.1,272.7687145474728,433.18,798.23,318.52,5782.49,28.0,18.53
41.933262404903616,379.02,768.68,271.29869075321915,386.26,834.14,326.29,6064.94,25.0,19.61
42.71383613367692,726.5,488.44,239.9944730982789,495.05,994.05,307.09,6262.24,26.0,18.77
46.3462727635859,529.1,669.15,294.73675966743735,438.6,984.2,305.74,6216.59,30.0,18.74
41.66525565254838,643.49,757.33,247.93078314271776,450.36,981.69,296.74,6017.78,26.0,18.53
38.42776122444231,552.89,331.16,219.69578696572358,507.77,707.99,278.3,4884.08,22.0,14.85
39.455704335737906,635.5,359.55,213.0,545.45,715.45,278.7,4875.53,24.0,14.38
38.16760026548641,524.53,431.43,216.71156478330306,533.48,747.99,283.08,4918.22,21.0,14.88
45.030310732062915,348.38,426.06,277.0,596.26,637.31,250.8,5140.73,26.0,13.59
41.8332106228504,381.52,405.95,241.35917166600825,621.12,623.73,251.93,5128.91,22.0,13.22
44.17379961103899,307.75,466.17,266.8251281101718,600.08,644.11,263.77,5332.45,24.0,13.63
43.67953838087678,379.51,407.5,250.0,587.36,634.94,239.41,5057.56,27.0,12.12
41.780310530519074,452.93,408.78,244.64949361049702,557.82,628.17,238.32,4945.4,24.0,12.03
145.7679612567787,1234.078922840429,688.36,244.0,8951.8,138.89,49.94,1123.74,23.0,23.0
42.427618398874316,564.53,478.83,230.071221893448,571.69,632.24,246.91,5541.06,24.0,12.24
43.793915716965955,588.33,531.59,232.0,567.83,627.65,252.38,5620.18,27.0,12.26
46.98308682979609,453.62,516.0,302.0,544.64,632.9,244.48,5503.68,25.0,11.67
49.31294184709766,453.7,902.35,250.23245145403365,715.91,925.75,398.53,7779.78,23.0,18.39
136.56863593441838,1067.463853781163,784.39,246.0,8105.1,150.59,61.03,1272.16,27.0,20.0
41.01833376698603,312.87,644.27,246.9129282688458,450.52,662.1,288.77,5602.88,22.0,13.06
45.55672498135527,319.9,434.37,284.7809089423441,471.29,649.12,300.16,5482.06,27.0,13.51
45.61587118264731,572.8,486.64,245.63340684859782,689.23,667.06,305.82,5388.74,26.0,14.43
40.8052100001334,250.15,351.75,255.66231343426233,442.62,629.18,286.13,5145.37,22.0,12.76
44.58196904523936,295.89,270.65,275.465841885095,507.93,628.18,284.09,5488.73,25.0,13.76
42.84408322326925,405.51,300.46,244.87039809959663,548.16,613.53,290.43,5558.91,23.0,13.78
50.08547235817022,293.91,295.48,281.9539954208623,859.35,666.65,291.67,5681.53,25.0,14.5
38.54691168652879,367.51,529.52,238.01641078489212,378.76,658.24,312.43,5051.56,22.0,14.03
40.212838787873295,360.05,629.39,247.3599299096449,391.83,679.4,327.4,5369.11,23.0,14.74
37.53392786027234,305.28,487.93,207.0,414.0,645.58,303.7,4992.6,24.0,13.59
45.06548655571865,333.14,699.92,265.258121323345,523.02,795.76,323.39,6233.89,24.0,14.52
40.328112940353975,517.42,350.16,176.0,558.77,801.51,346.19,6266.38,24.0,15.74
51.01535956108063,593.98,437.24,279.3814940479652,692.73,806.62,346.81,6232.04,30.0,15.97
43.36543001340999,354.74,284.52,260.4618036339797,498.19,711.6,323.41,5409.81,24.0,14.16
44.04225086076545,504.48,318.82,254.80263622227739,533.65,690.89,320.62,5316.2,26.0,14.69
41.67621818013589,436.57,360.84,247.5608192305677,476.31,680.55,312.63,5201.6,24.0,14.36
43.611559473043,465.77,307.99,265.6531789154301,459.85,853.39,303.68,5499.62,26.0,14.45
40.547277361374555,422.72,288.04,241.99747841851774,450.66,860.84,301.37,5546.09,22.0,14.35
51.90372799813963,535.78,316.1,334.0,786.84,882.62,295.02,5539.68,24.0,14.68
46.307749480783514,379.93,221.25,291.995709323583,476.07,938.75,275.69,6048.35,27.0,14.82
43.62384937087488,482.45,374.32,261.0029509434204,487.24,920.15,281.98,5983.17,25.0,15.21
47.148462415125735,359.33,357.79,299.8796429853819,490.07,914.68,279.89,5940.71,28.0,14.65
45.309515462261984,409.28,288.19,237.0,821.18,909.43,283.64,5307.55,25.0,15.14
41.43875611546713,406.86,266.5,260.36259498552454,457.62,863.75,280.06,5216.98,24.0,14.67
40.89562934371881,343.23,259.65,262.0,427.4,858.62,278.6,5183.63,24.0,14.81
45.33235181362818,275.1,179.35,269.461840896883,480.36,742.85,294.89,6564.73,23.0,13.81
43.72438123013626,370.42,246.05,236.0,516.17,767.62,302.43,6832.35,22.0,14.69
41.492191814783666,319.79,181.92,202.0,531.34,753.18,293.46,6706.11,22.0,14.07
39.953980330044686,422.72,231.83,205.0,564.48,876.73,307.07,5986.71,24.0,18.92
42.3892383374711,449.34,280.19,215.0,610.34,902.86,317.36,6208.99,26.0,19.35
44.812787757298906,825.85,850.57,196.83,984.04,937.63,299.8,6239.42,22.0,19.5
34.21062040497124,881.08,777.39,32.5,936.41,750.34,288.1,5969.22,21.0,14.79
44.40869046998955,819.73,841.39,158.87,905.74,1111.2,288.82,6111.34,28.0,13.9
40.752190435476834,800.5,887.63,161.44,652.57,1082.53,290.8,6153.36,27.0,14.03
40.02271681669197,814.99,812.64,173.82,644.5,1063.05,298.8,6126.03,23.0,14.71
30.550438907188276,977.59,870.9,24.38,660.0,800.8,284.65,5972.84,22.0,13.5
31.360916233125426,967.15,797.89,32.45,654.42,787.63,282.08,5856.12,24.0,13.92
31.597388036776817,980.47,810.72,38.6,659.34,788.91,290.24,5953.95,23.0,14.61
38.44448516243061,886.31,925.3,28.77,762.21,764.49,310.01,8600.79,25.0,15.16
34.12426953794862,800.53,841.65,19.68,673.18,704.08,281.58,7852.81,22.0,13.54
35.55337722942161,819.53,795.27,30.16,694.51,702.2,286.39,7942.06,23.0,14.3
28.61409807020385,830.34,822.5,14.17,645.69,641.57,261.43,5739.77,20.0,12.18
29.694021956315257,819.99,841.99,14.49,645.97,646.18,263.95,5772.63,23.0,12.37
29.807280928497693,817.46,801.44,18.61,655.05,632.74,258.65,5672.42,23.0,12.53
39.546262907472254,365.18,12.85,216.0,570.0,691.29,247.52,5551.35,20.0,13.93
42.16128611212879,386.62,26.48,253.38839188924595,503.4,672.84,245.71,5510.75,23.0,13.67
44.05407305625887,385.76,24.37,269.3575404082747,543.38,682.24,240.67,5365.3,25.0,13.75
50.41318824582815,626.84,59.21,234.12199413002838,721.91,833.12,279.81,8789.3,22.67,16.21
51.77143727068675,520.1,20.99,264.3878588128074,657.74,808.61,271.03,8550.1,25.0,15.66
47.47026750699945,491.77,834.15,237.11135769679606,650.39,789.51,259.34,8237.36,22.0,14.96
41.333378717058764,555.39,759.51,251.77164695951285,448.35,823.44,253.87,5486.02,26.0,15.13
35.25137904644674,652.31,56.96,194.0,414.53,802.42,258.07,5446.51,19.0,15.65
40.40663987260662,605.39,46.65,241.33998136025593,401.64,789.05,256.64,5431.21,25.0,14.98
46.8154355219237,435.67,925.38,176.0,1241.61,777.82,276.18,5143.1,27.0,15.94
41.58579271557245,532.84,30.18,249.83344948945057,472.84,742.3,280.14,5192.45,25.0,15.6
40.09314712229168,791.33,204.4,204.18857070306478,585.68,807.87,305.99,5658.92,23.0,18.38
48.06040026827,637.5558427499584,796.18,260.7791486781934,640.87,805.62,265.05,7694.24,27.0,20.63
48.5834109929438,121.83,752.09,309.0300735937634,624.24,776.58,264.83,7488.83,24.0,21.08
43.83199064268413,678.1475294447625,804.03,230.367112638516,582.48,771.0,263.15,7477.72,24.0,20.64
38.01564739044349,362.45303239324187,741.18,284.0724113586281,460.79,702.04,228.83,5153.85,25.0,27.89
37.16966111707184,396.7376115158534,766.49,271.60615781868665,470.91,702.32,228.15,5198.72,24.0,27.68
35.447335792833385,394.5368077031353,790.5,262.4015099869386,434.11,681.54,224.52,5036.73,23.0,27.28
37.40102726107281,580.0788551763633,666.54,216.7188684630413,440.69,880.18,232.17,5894.79,21.0,16.11
39.610682124190575,492.6836359264238,945.46,248.77889845347266,415.6,871.7,231.82,5852.47,24.0,16.5
37.628795617971434,517.2933569082684,759.95,190.0,387.29,849.98,230.79,5855.2,29.0,15.58
36.50759215752586,175.92,903.99,269.0,275.01,878.83,230.79,5023.22,21.0,13.94
38.18485534763579,61.56,961.17,286.0,237.68,879.62,228.55,5072.93,24.0,13.3
35.41678801190575,48.34,905.3,247.0,222.76,896.63,231.37,5088.63,24.0,13.51
41.819422392085215,467.6753830449443,896.13,289.0,291.4,851.71,289.43,6233.36,22.0,15.57
37.234291836974165,571.9687255584086,938.91,189.0,374.12,815.92,278.78,6029.25,25.0,15.0
43.10276462246166,526.0929087633062,841.57,252.0,537.66,819.26,280.09,6070.05,23.0,14.88
31.28454715895312,538.908448883024,745.54,175.5998818052022,303.22,611.91,284.85,5167.26,17.0,15.1
34.1524748727179,446.25321939335356,758.64,211.79939999406525,311.41,605.82,281.55,5073.64,20.0,15.97
41.006680088337106,300.1212794196407,754.71,276.2179801656315,316.35,621.77,290.11,5197.06,26.0,14.95
40.366285472111784,544.2971748198386,566.58,228.01261119354797,376.48,681.23,324.54,6399.3,23.0,17.28
41.985312156769695,588.3174327615193,757.76,224.11499664424707,529.93,737.27,322.7,6392.01,23.0,17.37
46.36691955748405,66.05,65.61,307.43116269695116,450.62,686.34,327.12,6339.85,24.0,17.75
43.45873182604839,446.8880363438228,637.29,263.8830881990931,409.6,701.38,322.39,6149.33,26.0,17.19
36.49314726735595,606.7400597335384,741.61,188.0,395.16,698.4,322.39,6086.06,21.0,17.4
39.902299138862986,583.3908954972433,724.92,211.0,459.66,727.42,328.51,6243.87,23.0,17.56
48.62038283803528,47.35,701.89,326.99592848157334,465.08,655.39,330.28,6511.28,27.0,18.17
38.03494741115243,622.2050790462735,682.69,177.0,439.11,640.65,332.29,6383.9,23.0,17.35
39.84538746552141,583.7992539079767,807.53,217.0,434.33,651.37,331.76,6390.45,21.0,16.93
40.95825283470312,352.81734781793403,705.82,265.1808924645356,418.43,603.01,308.48,5238.39,25.0,17.82
35.74678819178317,522.5926272813424,657.37,187.0,412.55,634.47,319.34,5466.39,23.0,18.44
40.73341632041962,412.2761579024769,627.69,252.22942016320258,460.12,632.56,311.7,5403.36,24.0,18.18
38.49047444740148,602.3596990174217,769.55,203.56597394642137,423.93,677.37,317.32,6339.21,21.0,17.01
40.027648928873944,553.0260824133022,580.55,206.0,436.16,677.76,310.14,6284.78,25.0,17.2
41.46811450003284,539.31414167186,715.86,208.0,530.82,653.61,309.41,6174.26,26.0,17.24
54.4886010537912,142.49358774088034,654.75,459.0,375.53,649.83,291.89,6197.59,25.0,17.75
59.748603473867746,154.4509529964227,721.53,497.0,571.47,710.02,297.39,6354.52,24.0,17.4
52.073519726301896,200.2954314586726,675.7,446.0,368.81,649.67,290.14,6167.68,21.0,17.92
44.957828635119355,826.0714949986668,690.11,186.0,735.47,739.04,331.16,7890.49,22.0,19.6
45.52391058282953,648.8773981655827,720.23,240.0,607.91,665.92,310.0,7322.86,22.0,18.07
44.37246428941782,643.6770604273252,711.06,218.10579791057603,641.96,637.87,299.15,7052.47,23.0,17.62
40.21646185100374,591.4783845932283,796.18,193.0,674.08,678.25,298.33,5744.71,22.0,16.54
37.87500531799928,452.10261440678926,791.37,230.0,323.92,632.28,298.39,5673.72,23.0,16.39
43.42696609304279,312.44351877361936,782.21,292.9401737135159,313.15,644.45,299.06,5739.55,28.0,16.68
36.85157421438781,555.3626016037888,727.06,209.0,266.38,680.52,313.59,6275.38,21.67,16.4
37.728722169512224,1.96,715.42,220.0,318.73,665.52,318.27,6266.93,23.0,16.96
45.075413374266816,77.46,721.1,304.0,393.89,698.12,323.04,6444.36,24.0,17.25
36.541385080163465,349.1556408060515,647.77,249.33744951751987,243.39,652.87,251.39,5063.87,23.0,14.63
40.41950301351551,220.82468607789315,648.2,296.69074546802574,236.47,640.9,249.85,4936.86,27.0,14.82
36.87434745398906,363.1529047131046,681.38,248.00995544414076,273.27,662.59,258.19,5092.09,23.0,15.05
33.570283462048735,286.04,315.0,169.0,475.23,657.1,241.46,5200.95,20.0,15.16
44.64767845605947,498.81,481.56,274.4403293679126,528.43,675.9,260.18,5454.74,28.0,16.43
40.63438388325012,474.63,470.29,239.79573895861188,532.18,663.09,254.79,5432.54,23.0,16.09
40.5110948055771,351.44,377.83,255.55887293447387,530.67,674.36,293.27,4804.08,23.0,16.96
39.633151848602864,411.99,418.81,240.11846906252947,549.59,684.81,301.36,4889.19,22.0,17.34
37.073044287029674,335.68,381.09,185.0,529.81,676.87,294.8,4846.1,26.0,16.67
45.884881796378224,508.94,564.71,251.7582402755146,618.78,657.53,301.42,6535.9,25.0,17.37
43.75374724498778,388.25,523.29,245.41256649333337,592.87,652.5,295.15,6446.65,22.0,16.93
43.78500203857125,422.3,566.85,241.45147159456394,597.86,669.84,300.31,6579.84,22.0,17.31
42.675011600083266,384.93,439.95,244.05596882853263,545.31,652.94,270.35,6121.56,22.0,14.9
39.607704943366514,296.89,476.69,205.0,502.2,660.0,274.25,6258.68,22.0,15.03
42.40214252538924,375.72,491.79,244.82069997600235,519.43,650.67,273.31,6186.51,22.0,15.16
40.444027051158244,292.68,596.28,258.48561528846386,410.68,618.06,224.18,5443.63,23.0,12.77
42.826077429603984,279.63,612.59,276.13837365581645,443.93,636.81,223.58,5487.19,25.0,12.64
40.05923413473613,264.18,549.89,267.0029789982877,389.85,571.45,199.3,4900.71,24.0,11.45
49.09064861046143,495.17,547.44,250.23520892131506,787.45,595.15,283.12,7379.48,24.0,18.14
49.54879885815616,510.85,545.26,235.0,825.91,645.5,310.9,8043.19,23.0,19.58
54.74769734619031,436.76,547.48,297.622009389666,768.3,637.06,305.85,7887.13,29.0,18.69
45.81129754513685,435.08,563.42,259.7469372670536,714.39,566.34,248.21,5785.58,25.0,16.11
42.38851944621483,524.66,601.21,207.0,739.6,561.44,247.92,5724.47,24.0,15.94
42.45403797203363,433.52,660.8,231.11359488827128,712.08,588.96,258.13,5939.95,21.0,17.29
45.31762075690794,772.28,710.59,240.0,814.85,790.72,259.08,5995.84,23.0,17.9
46.98616231321434,642.01,700.05,257.0,790.61,816.2,261.11,6135.0,25.0,17.52
29.01,780.62,745.17,229.0,1015.2,811.13,260.4,6054.49,21.0,17.81
43.91409416527132,527.21,733.51,223.39517756992637,644.19,644.26,456.79,6548.76,22.0,22.62
44.35039587732493,593.42,653.76,222.30436650850072,665.89,641.23,452.42,6398.31,23.0,22.49
42.44843236673695,419.1,610.42,222.62399077917922,620.62,631.21,448.56,6324.46,20.0,21.82
42.691333987522086,582.09,661.66,209.09746735515267,654.98,675.53,459.15,6385.66,21.0,22.27
41.73800766874014,651.8,648.77,192.6657143542375,704.87,680.04,448.04,6252.04,20.0,21.94
49.032477649703736,491.1,754.9,263.12530868051,833.89,684.33,402.46,6178.21,26.0,22.02
39.94450774092091,467.44,829.83,217.05296868059315,607.24,669.6,392.38,5870.36,20.0,21.78
45.00472509774474,664.57,902.43,231.4210548661447,695.5,734.36,428.3,6368.13,25.0,23.68
47.30643261063092,671.94,971.62,254.40455333966247,681.29,755.27,434.24,6521.64,28.0,24.9
44.860124014918256,555.39,1006.78,237.83511205110807,647.36,779.62,428.74,6559.38,24.0,22.41
45.96286176898269,566.25,1071.69,250.19573972854766,636.34,763.24,431.84,6471.63,26.0,22.76
44.81884053179394,699.29,1130.87,225.24072957231544,668.28,774.48,436.79,6633.51,25.0,23.26
45.21671553227391,627.84,1143.83,236.7980790580853,717.77,807.01,377.65,6351.71,25.0,21.35
45.02117067926548,646.87,1162.95,241.7717434048593,667.78,824.9,378.5,6316.55,26.0,21.68
45.403010933509606,660.54,1270.2,233.2447523886782,726.45,836.4,390.61,6593.83,25.0,22.26
40.63987458150399,474.25,1369.18,211.5966241276813,678.12,611.73,340.2,6177.78,20.0,19.89
42.81456373043925,629.32,1393.02,214.2620275454276,740.05,627.14,342.6,6181.61,23.0,20.45
40.31527992014772,584.06,1397.81,190.5759105469875,767.6,631.3,340.87,6212.98,19.0,20.04
39.93138538706732,603.84,1513.61,222.26462107366154,567.63,679.09,330.15,6459.6,23.0,24.08
40.40678793289183,550.11,1457.93,230.18736019860313,495.44,635.72,321.0,6182.51,24.0,20.05
44.10751448149554,599.56,1450.18,241.53098680328054,654.47,660.13,322.23,6216.9,26.0,20.37
44.271544422365025,590.98,1485.32,249.71811531490948,579.32,664.04,312.55,6416.79,27.0,20.04
39.4944367238309,588.0,625.42,216.23056905602294,529.12,605.72,295.68,5932.41,22.0,19.19
46.61893047812845,565.62,650.84,242.38231778600704,858.94,701.55,300.5,6169.28,24.0,19.92
49.30718714222178,613.64,550.7,263.5238470126926,847.15,632.14,296.22,6017.27,28.0,19.45
39.197284826097004,525.93,559.38,183.0,518.1,606.71,295.99,5926.05,28.0,19.2
41.90471518162484,705.86,762.19,190.0,619.49,665.93,323.26,6664.4,27.0,21.64
42.77775323737204,571.7,689.17,241.0,550.14,613.96,329.19,6373.25,25.0,22.35
38.85523866823404,551.15,680.77,214.0,524.52,616.58,322.66,6311.82,20.0,21.65
46.886931132234906,681.27,675.46,297.0,557.84,614.79,324.78,6264.11,25.0,21.08
58.51340909395741,785.37,877.61,477.0,672.47,651.66,370.24,6073.3,22.0,24.21
53.95103756266106,614.5,937.89,420.0,575.18,662.18,358.03,5895.84,26.0,24.03
60.28669293286377,687.19,898.96,488.0,636.94,644.21,368.89,6075.36,27.0,24.27
56.45204051460202,880.19,913.44,467.0,590.27,800.68,357.89,6011.94,22.0,23.7
54.71231756214297,732.65,879.74,433.0,574.99,800.7,354.44,5932.38,25.0,23.39
59.44545333663589,809.83,936.77,521.0,557.21,805.59,360.87,5994.0,22.0,23.58
61.380308867859526,508.1,1029.61,554.0,554.03,671.7,322.52,6039.45,22.0,21.46
59.51557427028982,441.09,975.02,487.0,708.56,686.62,313.75,5912.16,24.0,20.89
52.4244451624305,466.56,934.05,431.0,549.14,659.94,303.08,5827.38,21.0,20.64
44.527791743298025,481.72,1143.35,274.33882349983674,568.91,666.95,319.28,5688.15,28.0,20.93
46.17941743454418,564.8,1041.87,285.9240778725414,562.05,648.02,320.61,5599.11,31.0,21.46
44.76138955283864,407.7,1215.95,290.6552812157793,502.19,661.73,316.33,5674.28,29.0,20.95
49.18390461486581,414.49,1276.35,376.0,472.53,623.67,292.32,5311.12,28.0,18.89
44.45257230449286,418.16,1307.77,325.0,461.75,634.31,305.01,5433.36,24.0,19.59
50.89456188812163,439.99,1359.08,381.0,577.66,661.52,296.62,5399.53,28.0,19.63
40.28716795238668,477.32,1267.79,247.315051601067,510.95,631.12,272.16,5300.63,25.0,17.89
44.79387090959236,313.51,1401.14,311.5846031591163,387.53,624.88,275.75,5343.33,31.0,17.47
39.45208470921072,419.64,1328.44,259.0515124993764,380.58,606.33,271.38,5205.75,26.0,17.34
39.2135492209955,265.16,1394.93,263.0,403.7,581.1,269.97,5364.29,23.0,16.68
43.520305272669404,224.94,1442.09,332.0,364.09,579.39,272.12,5373.68,24.0,16.62
48.17174483460653,237.74,1479.58,393.0,327.15,569.83,271.14,5297.03,28.0,16.89
39.17213510940786,473.15,1566.27,236.13917563869262,485.01,615.52,288.98,5429.29,24.0,17.69
41.508602867640434,488.77,1529.99,256.4017506035801,486.19,612.38,286.13,5350.72,27.0,17.46
39.40022564363919,447.4,1571.24,245.62207829796057,434.23,611.24,288.83,5353.28,25.0,17.19
36.88261145427745,507.54,1643.29,209.50872771252438,535.02,642.96,314.32,5352.57,21.0,18.78
38.52795115854423,374.68,1698.38,223.0,453.04,644.39,315.06,5375.89,27.0,18.74
35.249978115168034,304.73,1721.79,200.0,441.16,635.62,310.12,5305.12,23.0,18.26
